arch,condition,mitigation,device,target,metric,value,data_source
lstm,control_5min,none,cuda,pv,rmse,433.0831298828125,synthetic
lstm,control_5min,none,cuda,pv,rmse_maxnorm,0.0150376064702868,synthetic
lstm,control_5min,none,cuda,pv,mae,98.44518280029295,synthetic
lstm,control_5min,none,cuda,pv,mape,52.11591720581055,synthetic
lstm,control_5min,none,cuda,pv,r2,0.790362928235127,synthetic
lstm,control_5min,none,cuda,pv,mbe,-54.3911018371582,synthetic
lstm,control_5min,none,cuda,pv,efe,21.050960540771484,synthetic
lstm,control_5min,none,cuda,pv,pinball_q10,15.350550651550291,synthetic
lstm,control_5min,none,cuda,pv,pinball_q50,49.22259140014648,synthetic
lstm,control_5min,none,cuda,pv,pinball_q90,42.92689895629883,synthetic
lstm,control_5min,none,cuda,pv,coverage,0.8865748516403539,synthetic
lstm,control_5min,none,cuda,pv,sharpness,218.703842163086,synthetic
lstm,control_5min,none,cuda,pv,export_violation_rate,0.5343186653230322,synthetic
lstm,control_5min,none,cuda,pv,export_violation_count,4772.0,synthetic
lstm,control_5min,none,cuda,pv,export_violation_mag,5.949014186859131,synthetic
lstm,control_5min,none,cuda,pv,nrmse,0.0617349852527906,synthetic
lstm,control_5min,none,cuda,pv,nmae,0.0140331301060581,synthetic
lstm,control_5min,none,cuda,pv,nmbe,-0.0077533241036393,synthetic
lstm,control_5min,none,cuda,pv,npinball_q10,0.002188185022012,synthetic
lstm,control_5min,none,cuda,pv,npinball_q50,0.007016565053029,synthetic
lstm,control_5min,none,cuda,pv,npinball_q90,0.0061191288488476,synthetic
lstm,control_5min,none,cuda,pv,nsharpness,0.0311757201771405,synthetic
lstm,control_5min,none,cuda,pv,nexport_violation_mag,0.0008480180310735,synthetic
lstm,mixed_cadence,none,cuda,pv,rmse,462.6925048828125,synthetic
lstm,mixed_cadence,none,cuda,pv,rmse_maxnorm,0.0160657092928886,synthetic
lstm,mixed_cadence,none,cuda,pv,mae,102.4845199584961,synthetic
lstm,mixed_cadence,none,cuda,pv,mape,52.062477111816406,synthetic
lstm,mixed_cadence,none,cuda,pv,r2,0.7550510151441641,synthetic
lstm,mixed_cadence,none,cuda,pv,mbe,-59.62104034423828,synthetic
lstm,mixed_cadence,none,cuda,pv,efe,23.075103759765625,synthetic
lstm,mixed_cadence,none,cuda,pv,pinball_q10,15.76305866241455,synthetic
lstm,mixed_cadence,none,cuda,pv,pinball_q50,51.24225997924805,synthetic
lstm,mixed_cadence,none,cuda,pv,pinball_q90,47.563232421875,synthetic
lstm,mixed_cadence,none,cuda,pv,coverage,0.8834397044004031,synthetic
lstm,mixed_cadence,none,cuda,pv,sharpness,210.3048553466797,synthetic
lstm,mixed_cadence,none,cuda,pv,export_violation_rate,0.5355503303101556,synthetic
lstm,mixed_cadence,none,cuda,pv,export_violation_count,4783.0,synthetic
lstm,mixed_cadence,none,cuda,pv,export_violation_mag,3.705667018890381,synthetic
lstm,mixed_cadence,none,cuda,pv,nrmse,0.0659557322707222,synthetic
lstm,mixed_cadence,none,cuda,pv,nmae,0.0146089281519441,synthetic
lstm,mixed_cadence,none,cuda,pv,nmbe,-0.0084988395816838,synthetic
lstm,mixed_cadence,none,cuda,pv,npinball_q10,0.0022469870722656,synthetic
lstm,mixed_cadence,none,cuda,pv,npinball_q50,0.007304464075972,synthetic
lstm,mixed_cadence,none,cuda,pv,npinball_q90,0.006780027319314,synthetic
lstm,mixed_cadence,none,cuda,pv,nsharpness,0.0299784642891323,synthetic
lstm,mixed_cadence,none,cuda,pv,nexport_violation_mag,0.0005282341494688,synthetic
mlp,control_5min,none,cuda,pv,rmse,395.3246154785156,synthetic
mlp,control_5min,none,cuda,pv,rmse_maxnorm,0.0137265473604202,synthetic
mlp,control_5min,none,cuda,pv,mae,100.17521667480467,synthetic
mlp,control_5min,none,cuda,pv,mape,53.65658950805664,synthetic
mlp,control_5min,none,cuda,pv,r2,0.819520604738361,synthetic
mlp,control_5min,none,cuda,pv,mbe,-66.28302001953125,synthetic
mlp,control_5min,none,cuda,pv,efe,25.653488159179688,synthetic
mlp,control_5min,none,cuda,pv,pinball_q10,15.714797973632812,synthetic
mlp,control_5min,none,cuda,pv,pinball_q50,50.08760833740234,synthetic
mlp,control_5min,none,cuda,pv,pinball_q90,42.5824089050293,synthetic
mlp,control_5min,none,cuda,pv,coverage,0.8412271862053522,synthetic
mlp,control_5min,none,cuda,pv,sharpness,238.27186584472656,synthetic
mlp,control_5min,none,cuda,pv,export_violation_rate,0.5217780763632291,synthetic
mlp,control_5min,none,cuda,pv,export_violation_count,4660.0,synthetic
mlp,control_5min,none,cuda,pv,export_violation_mag,7.995292186737059,synthetic
mlp,control_5min,none,cuda,pv,nrmse,0.0563525975099402,synthetic
mlp,control_5min,none,cuda,pv,nmae,0.0142797423806085,synthetic
mlp,control_5min,none,cuda,pv,nmbe,-0.0094484891723291,synthetic
mlp,control_5min,none,cuda,pv,npinball_q10,0.0022401076241767,synthetic
mlp,control_5min,none,cuda,pv,npinball_q50,0.0071398711903042,synthetic
mlp,control_5min,none,cuda,pv,npinball_q90,0.006070022599337,synthetic
mlp,control_5min,none,cuda,pv,nsharpness,0.0339650960961222,synthetic
mlp,control_5min,none,cuda,pv,nexport_violation_mag,0.0011397101645901,synthetic
mlp,mixed_cadence,none,cuda,pv,rmse,393.0856628417969,synthetic
mlp,mixed_cadence,none,cuda,pv,rmse_maxnorm,0.0136488061398267,synthetic
mlp,mixed_cadence,none,cuda,pv,mae,99.13468170166016,synthetic
mlp,mixed_cadence,none,cuda,pv,mape,52.2043571472168,synthetic
mlp,mixed_cadence,none,cuda,pv,r2,0.8212035892344612,synthetic
mlp,mixed_cadence,none,cuda,pv,mbe,-66.58647918701172,synthetic
mlp,mixed_cadence,none,cuda,pv,efe,25.77092933654785,synthetic
mlp,mixed_cadence,none,cuda,pv,pinball_q10,15.685839653015137,synthetic
mlp,mixed_cadence,none,cuda,pv,pinball_q50,49.56734085083008,synthetic
mlp,mixed_cadence,none,cuda,pv,pinball_q90,42.3705940246582,synthetic
mlp,mixed_cadence,none,cuda,pv,coverage,0.8408912775725003,synthetic
mlp,mixed_cadence,none,cuda,pv,sharpness,233.6808624267578,synthetic
mlp,mixed_cadence,none,cuda,pv,export_violation_rate,0.5190908073004142,synthetic
mlp,mixed_cadence,none,cuda,pv,export_violation_count,4636.0,synthetic
mlp,mixed_cadence,none,cuda,pv,export_violation_mag,5.4310407638549805,synthetic
mlp,mixed_cadence,none,cuda,pv,nrmse,0.0560334400584668,synthetic
mlp,mixed_cadence,none,cuda,pv,nmae,0.0141314165586364,synthetic
mlp,mixed_cadence,none,cuda,pv,nmbe,-0.0094917465655098,synthetic
mlp,mixed_cadence,none,cuda,pv,npinball_q10,0.0022359796834352,synthetic
mlp,mixed_cadence,none,cuda,pv,npinball_q50,0.0070657082793182,synthetic
mlp,mixed_cadence,none,cuda,pv,npinball_q90,0.0060398288845193,synthetic
mlp,mixed_cadence,none,cuda,pv,nsharpness,0.0333106593177131,synthetic
mlp,mixed_cadence,none,cuda,pv,nexport_violation_mag,0.0007741821334731,synthetic
lstm,control_5min,none,cuda,pv,rmse,172.72491455078125,real_p1
lstm,control_5min,none,cuda,pv,rmse_maxnorm,0.0645458996295929,real_p1
lstm,control_5min,none,cuda,pv,mae,81.77507019042969,real_p1
lstm,control_5min,none,cuda,pv,mape,44.53568649291992,real_p1
lstm,control_5min,none,cuda,pv,r2,0.9451332472344371,real_p1
lstm,control_5min,none,cuda,pv,mbe,44.55206298828125,real_p1
lstm,control_5min,none,cuda,pv,efe,12.60241413116455,real_p1
lstm,control_5min,none,cuda,pv,pinball_q10,16.81877326965332,real_p1
lstm,control_5min,none,cuda,pv,pinball_q50,40.88753509521485,real_p1
lstm,control_5min,none,cuda,pv,pinball_q90,26.44465446472168,real_p1
lstm,control_5min,none,cuda,pv,coverage,0.7266666666666667,real_p1
lstm,control_5min,none,cuda,pv,sharpness,266.4753112792969,real_p1
lstm,control_5min,none,cuda,pv,export_violation_rate,0.1133333333333333,real_p1
lstm,control_5min,none,cuda,pv,export_violation_count,17.0,real_p1
lstm,control_5min,none,cuda,pv,export_violation_mag,0.0365541093051433,real_p1
lstm,control_5min,none,cuda,pv,nrmse,0.0704539445545126,real_p1
lstm,control_5min,none,cuda,pv,nmae,0.0333557916419988,real_p1
lstm,control_5min,none,cuda,pv,nmbe,0.0181726451203001,real_p1
lstm,control_5min,none,cuda,pv,npinball_q10,0.0068603242473551,real_p1
lstm,control_5min,none,cuda,pv,npinball_q50,0.0166778958209994,real_p1
lstm,control_5min,none,cuda,pv,npinball_q90,0.0107866906419744,real_p1
lstm,control_5min,none,cuda,pv,nsharpness,0.1086944338912869,real_p1
lstm,control_5min,none,cuda,pv,nexport_violation_mag,1.4910305192057284e-05,real_p1
lstm,mixed_cadence,none,cuda,pv,rmse,203.0476531982422,real_p1
lstm,mixed_cadence,none,cuda,pv,rmse_maxnorm,0.0758772641420364,real_p1
lstm,mixed_cadence,none,cuda,pv,mae,86.93197631835938,real_p1
lstm,mixed_cadence,none,cuda,pv,mape,44.85395812988281,real_p1
lstm,mixed_cadence,none,cuda,pv,r2,0.9255295702725662,real_p1
lstm,mixed_cadence,none,cuda,pv,mbe,42.29628753662109,real_p1
lstm,mixed_cadence,none,cuda,pv,efe,11.964323043823242,real_p1
lstm,mixed_cadence,none,cuda,pv,pinball_q10,19.16092872619629,real_p1
lstm,mixed_cadence,none,cuda,pv,pinball_q50,43.46598815917969,real_p1
lstm,mixed_cadence,none,cuda,pv,pinball_q90,29.668184280395508,real_p1
lstm,mixed_cadence,none,cuda,pv,coverage,0.6933333333333334,real_p1
lstm,mixed_cadence,none,cuda,pv,sharpness,264.24530029296875,real_p1
lstm,mixed_cadence,none,cuda,pv,export_violation_rate,0.1066666666666666,real_p1
lstm,mixed_cadence,none,cuda,pv,export_violation_count,16.0,real_p1
lstm,mixed_cadence,none,cuda,pv,export_violation_mag,0.0377665981650352,real_p1
lstm,mixed_cadence,none,cuda,pv,nrmse,0.0828224934286885,real_p1
lstm,mixed_cadence,none,cuda,pv,nmae,0.0354592772876852,real_p1
lstm,mixed_cadence,none,cuda,pv,nmbe,0.0172525214715953,real_p1
lstm,mixed_cadence,none,cuda,pv,npinball_q10,0.0078156820259506,real_p1
lstm,mixed_cadence,none,cuda,pv,npinball_q50,0.0177296386438426,real_p1
lstm,mixed_cadence,none,cuda,pv,npinball_q90,0.012101558224882,real_p1
lstm,mixed_cadence,none,cuda,pv,nsharpness,0.1077848194862352,real_p1
lstm,mixed_cadence,none,cuda,pv,nexport_violation_mag,1.540487555053717e-05,real_p1
mlp,control_5min,none,cuda,pv,rmse,197.0498962402344,real_p1
mlp,control_5min,none,cuda,pv,rmse_maxnorm,0.0736359506845474,real_p1
mlp,control_5min,none,cuda,pv,mae,67.70891571044922,real_p1
mlp,control_5min,none,cuda,pv,mape,40.10517883300781,real_p1
mlp,control_5min,none,cuda,pv,r2,0.9080890442225772,real_p1
mlp,control_5min,none,cuda,pv,mbe,-26.94132232666016,real_p1
mlp,control_5min,none,cuda,pv,efe,7.620877742767334,real_p1
mlp,control_5min,none,cuda,pv,pinball_q10,12.582826614379885,real_p1
mlp,control_5min,none,cuda,pv,pinball_q50,33.85445785522461,real_p1
mlp,control_5min,none,cuda,pv,pinball_q90,25.28728103637696,real_p1
mlp,control_5min,none,cuda,pv,coverage,0.88,real_p1
mlp,control_5min,none,cuda,pv,sharpness,194.2428131103516,real_p1
mlp,control_5min,none,cuda,pv,export_violation_rate,0.5333333333333333,real_p1
mlp,control_5min,none,cuda,pv,export_violation_count,80.0,real_p1
mlp,control_5min,none,cuda,pv,export_violation_mag,0.0087964814156293,real_p1
mlp,control_5min,none,cuda,pv,nrmse,0.0803760273976013,real_p1
mlp,control_5min,none,cuda,pv,nmae,0.0276182518643404,real_p1
mlp,control_5min,none,cuda,pv,nmbe,-0.0109892798868325,real_p1
mlp,control_5min,none,cuda,pv,npinball_q10,0.0051324950481763,real_p1
mlp,control_5min,none,cuda,pv,npinball_q50,0.0138091259321702,real_p1
mlp,control_5min,none,cuda,pv,npinball_q90,0.0103146016931303,real_p1
mlp,control_5min,none,cuda,pv,nsharpness,0.0792310270963591,real_p1
mlp,control_5min,none,cuda,pv,nexport_violation_mag,3.588056856437741e-06,real_p1
mlp,mixed_cadence,none,cuda,pv,rmse,199.58355712890625,real_p1
mlp,mixed_cadence,none,cuda,pv,rmse_maxnorm,0.0745827630162239,real_p1
mlp,mixed_cadence,none,cuda,pv,mae,73.6253662109375,real_p1
mlp,mixed_cadence,none,cuda,pv,mape,42.21772384643555,real_p1
mlp,mixed_cadence,none,cuda,pv,r2,0.9046127052263891,real_p1
mlp,mixed_cadence,none,cuda,pv,mbe,-25.286104202270508,real_p1
mlp,mixed_cadence,none,cuda,pv,efe,7.15266227722168,real_p1
mlp,mixed_cadence,none,cuda,pv,pinball_q10,16.694746017456055,real_p1
mlp,mixed_cadence,none,cuda,pv,pinball_q50,36.81268310546875,real_p1
mlp,mixed_cadence,none,cuda,pv,pinball_q90,22.90315818786621,real_p1
mlp,mixed_cadence,none,cuda,pv,coverage,0.8666666666666667,real_p1
mlp,mixed_cadence,none,cuda,pv,sharpness,194.50146484375,real_p1
mlp,mixed_cadence,none,cuda,pv,export_violation_rate,0.5133333333333333,real_p1
mlp,mixed_cadence,none,cuda,pv,export_violation_count,77.0,real_p1
mlp,mixed_cadence,none,cuda,pv,export_violation_mag,0.0083040054887533,real_p1
mlp,mixed_cadence,none,cuda,pv,nrmse,0.081409499634277,real_p1
mlp,mixed_cadence,none,cuda,pv,nmae,0.0300315532494071,real_p1
mlp,mixed_cadence,none,cuda,pv,nmbe,-0.0103141216662326,real_p1
mlp,mixed_cadence,none,cuda,pv,npinball_q10,0.0068097339247472,real_p1
mlp,mixed_cadence,none,cuda,pv,npinball_q50,0.0150157766247035,real_p1
mlp,mixed_cadence,none,cuda,pv,npinball_q90,0.0093421255485221,real_p1
mlp,mixed_cadence,none,cuda,pv,nsharpness,0.0793365303176586,real_p1
mlp,mixed_cadence,none,cuda,pv,nexport_violation_mag,3.387177488589753e-06,real_p1
gnn,control_5min,none,cuda,pv,rmse,410.2203063964844,
gnn,control_5min,none,cuda,pv,rmse_maxnorm,0.0142437582835555,
gnn,control_5min,none,cuda,pv,mae,107.1984634399414,
gnn,control_5min,none,cuda,pv,mape,56.52985000610352,
gnn,control_5min,none,cuda,pv,r2,0.8011731883873037,
gnn,control_5min,none,cuda,pv,mbe,-42.70624542236328,
gnn,control_5min,none,cuda,pv,efe,16.528575897216797,
gnn,control_5min,none,cuda,pv,pinball_q10,16.66916847229004,
gnn,control_5min,none,cuda,pv,pinball_q50,53.5992317199707,
gnn,control_5min,none,cuda,pv,pinball_q90,49.64241409301758,
gnn,control_5min,none,cuda,pv,coverage,0.8796327398947487,
gnn,control_5min,none,cuda,pv,sharpness,347.8101501464844,
gnn,control_5min,none,cuda,pv,export_violation_rate,0.4796775277124622,
gnn,control_5min,none,cuda,pv,export_violation_count,4284.0,
gnn,control_5min,none,cuda,pv,export_violation_mag,10.02993869781494,
gnn,control_5min,none,cuda,pv,nrmse,0.0584759433428747,
gnn,control_5min,none,cuda,pv,nmae,0.0152808897482968,
gnn,control_5min,none,cuda,pv,nmbe,-0.0060876752046773,
gnn,control_5min,none,cuda,pv,npinball_q10,0.0023761509022333,
gnn,control_5min,none,cuda,pv,npinball_q50,0.0076404448741484,
gnn,control_5min,none,cuda,pv,npinball_q90,0.007076409794061,
gnn,control_5min,none,cuda,pv,nsharpness,0.0495795218249997,
gnn,control_5min,none,cuda,pv,nexport_violation_mag,0.0014297442566362,
gnn,mixed_cadence,none,cuda,pv,rmse,436.7533874511719,
gnn,mixed_cadence,none,cuda,pv,rmse_maxnorm,0.0151650458574295,
gnn,mixed_cadence,none,cuda,pv,mae,108.82745361328124,
gnn,mixed_cadence,none,cuda,pv,mape,55.41842651367188,
gnn,mixed_cadence,none,cuda,pv,r2,0.7755650408571156,
gnn,mixed_cadence,none,cuda,pv,mbe,-50.19083023071289,
gnn,mixed_cadence,none,cuda,pv,efe,19.42533302307129,
gnn,mixed_cadence,none,cuda,pv,pinball_q10,16.778772354125977,
gnn,mixed_cadence,none,cuda,pv,pinball_q50,54.41372680664063,
gnn,mixed_cadence,none,cuda,pv,pinball_q90,51.77596664428711,
gnn,mixed_cadence,none,cuda,pv,coverage,0.8706751763520323,
gnn,mixed_cadence,none,cuda,pv,sharpness,333.0853271484375,
gnn,mixed_cadence,none,cuda,pv,export_violation_rate,0.4824767663195611,
gnn,mixed_cadence,none,cuda,pv,export_violation_count,4309.0,
gnn,mixed_cadence,none,cuda,pv,export_violation_mag,6.267702102661133,
gnn,mixed_cadence,none,cuda,pv,nrmse,0.0622581718680668,
gnn,mixed_cadence,none,cuda,pv,nmae,0.0155130984800368,
gnn,mixed_cadence,none,cuda,pv,nmbe,-0.0071545852292995,
gnn,mixed_cadence,none,cuda,pv,npinball_q10,0.002391774678737,
gnn,mixed_cadence,none,cuda,pv,npinball_q50,0.0077565492400184,
gnn,mixed_cadence,none,cuda,pv,npinball_q90,0.0073805427103543,
gnn,mixed_cadence,none,cuda,pv,nsharpness,0.0474805328136283,
gnn,mixed_cadence,none,cuda,pv,nexport_violation_mag,0.0008934462466394,
cvae,control_5min,none,cuda,pv,rmse,307.4068908691406,
cvae,control_5min,none,cuda,pv,rmse_maxnorm,0.010673850774765,
cvae,control_5min,none,cuda,pv,mae,84.731201171875,
cvae,control_5min,none,cuda,pv,mape,58.998416900634766,
cvae,control_5min,none,cuda,pv,r2,0.8986918926203269,
cvae,control_5min,none,cuda,pv,mbe,-27.421974182128903,
cvae,control_5min,none,cuda,pv,efe,10.613112449645996,
cvae,control_5min,none,cuda,pv,pinball_q10,14.211065292358398,
cvae,control_5min,none,cuda,pv,pinball_q50,42.3656005859375,
cvae,control_5min,none,cuda,pv,pinball_q90,29.767372131347656,
cvae,control_5min,none,cuda,pv,coverage,0.9090807300414288,
cvae,control_5min,none,cuda,pv,sharpness,245.0723876953125,
cvae,control_5min,none,cuda,pv,export_violation_rate,0.0110849848841115,
cvae,control_5min,none,cuda,pv,export_violation_count,99.0,
cvae,control_5min,none,cuda,pv,export_violation_mag,166.09544372558594,
cvae,control_5min,none,cuda,pv,nrmse,0.0438201166482101,
cvae,control_5min,none,cuda,pv,nmae,0.012078229959637,
cvae,control_5min,none,cuda,pv,nmbe,-0.0039089367970499,
cvae,control_5min,none,cuda,pv,npinball_q10,0.0020257533493989,
cvae,control_5min,none,cuda,pv,npinball_q50,0.0060391149798185,
cvae,control_5min,none,cuda,pv,npinball_q90,0.0042432676620173,
cvae,control_5min,none,cuda,pv,nsharpness,0.0349344823914031,
cvae,control_5min,none,cuda,pv,nexport_violation_mag,0.0236765080256112,
cvae,mixed_cadence,none,cuda,pv,rmse,320.2767944335937,
cvae,mixed_cadence,none,cuda,pv,rmse_maxnorm,0.0111207226291298,
cvae,mixed_cadence,none,cuda,pv,mae,88.10901641845703,
cvae,mixed_cadence,none,cuda,pv,mape,59.89689636230469,
cvae,mixed_cadence,none,cuda,pv,r2,0.8888995440808328,
cvae,mixed_cadence,none,cuda,pv,mbe,-33.9366340637207,
cvae,mixed_cadence,none,cuda,pv,efe,13.134485244750977,
cvae,mixed_cadence,none,cuda,pv,pinball_q10,14.671509742736816,
cvae,mixed_cadence,none,cuda,pv,pinball_q50,44.05450820922852,
cvae,mixed_cadence,none,cuda,pv,pinball_q90,32.04610061645508,
cvae,mixed_cadence,none,cuda,pv,coverage,0.9018027096629716,
cvae,mixed_cadence,none,cuda,pv,sharpness,236.97352600097656,
cvae,mixed_cadence,none,cuda,pv,export_violation_rate,0.0117568021498152,
cvae,mixed_cadence,none,cuda,pv,export_violation_count,105.0,
cvae,mixed_cadence,none,cuda,pv,export_violation_mag,147.7982940673828,
cvae,mixed_cadence,none,cuda,pv,nrmse,0.0456546906027856,
cvae,mixed_cadence,none,cuda,pv,nmae,0.0125597294397002,
cvae,mixed_cadence,none,cuda,pv,nmbe,-0.0048375859731553,
cvae,mixed_cadence,none,cuda,pv,npinball_q10,0.0020913886039261,
cvae,mixed_cadence,none,cuda,pv,npinball_q50,0.0062798647198501,
cvae,mixed_cadence,none,cuda,pv,npinball_q90,0.0045680949544202,
cvae,mixed_cadence,none,cuda,pv,nsharpness,0.0337800090379915,
cvae,mixed_cadence,none,cuda,pv,nexport_violation_mag,0.0210682931281334,
linear,control_5min,none,cuda,pv,rmse,514.5679321289062,
linear,control_5min,none,cuda,pv,rmse_maxnorm,0.0178669393062591,
linear,control_5min,none,cuda,pv,mae,132.20208740234375,
linear,control_5min,none,cuda,pv,mape,66.8747329711914,
linear,control_5min,none,cuda,pv,r2,0.7290553502680234,
linear,control_5min,none,cuda,pv,mbe,-71.93636322021484,
linear,control_5min,none,cuda,pv,efe,27.841503143310547,
linear,control_5min,none,cuda,pv,pinball_q10,17.811918258666992,
linear,control_5min,none,cuda,pv,pinball_q50,66.10104370117188,
linear,control_5min,none,cuda,pv,pinball_q90,57.49510192871094,
linear,control_5min,none,cuda,pv,coverage,0.7592654797894972,
linear,control_5min,none,cuda,pv,sharpness,265.45123291015625,
linear,control_5min,none,cuda,pv,export_violation_rate,0.2742134139514052,
linear,control_5min,none,cuda,pv,export_violation_count,2449.0,
linear,control_5min,none,cuda,pv,export_violation_mag,22.014997482299805,
linear,control_5min,none,cuda,pv,nrmse,0.0733504528567824,
linear,control_5min,none,cuda,pv,nmae,0.0188450977492017,
linear,control_5min,none,cuda,pv,nmbe,-0.0102543599972158,
linear,control_5min,none,cuda,pv,npinball_q10,0.0025390472062956,
linear,control_5min,none,cuda,pv,npinball_q50,0.0094225488746008,
linear,control_5min,none,cuda,pv,npinball_q90,0.0081957920425972,
linear,control_5min,none,cuda,pv,nsharpness,0.0378394511776016,
linear,control_5min,none,cuda,pv,nexport_violation_mag,0.003138186299886,
linear,mixed_cadence,none,cuda,pv,rmse,514.5679321289062,
linear,mixed_cadence,none,cuda,pv,rmse_maxnorm,0.0178669393062591,
linear,mixed_cadence,none,cuda,pv,mae,132.20208740234375,
linear,mixed_cadence,none,cuda,pv,mape,66.8747329711914,
linear,mixed_cadence,none,cuda,pv,r2,0.7290553502702761,
linear,mixed_cadence,none,cuda,pv,mbe,-71.93636322021484,
linear,mixed_cadence,none,cuda,pv,efe,27.841503143310547,
linear,mixed_cadence,none,cuda,pv,pinball_q10,17.811918258666992,
linear,mixed_cadence,none,cuda,pv,pinball_q50,66.10104370117188,
linear,mixed_cadence,none,cuda,pv,pinball_q90,57.49510192871094,
linear,mixed_cadence,none,cuda,pv,coverage,0.7592654797894972,
linear,mixed_cadence,none,cuda,pv,sharpness,265.45123291015625,
linear,mixed_cadence,none,cuda,pv,export_violation_rate,0.2742134139514052,
linear,mixed_cadence,none,cuda,pv,export_violation_count,2449.0,
linear,mixed_cadence,none,cuda,pv,export_violation_mag,22.014997482299805,
linear,mixed_cadence,none,cuda,pv,nrmse,0.0733504528567824,
linear,mixed_cadence,none,cuda,pv,nmae,0.0188450977492017,
linear,mixed_cadence,none,cuda,pv,nmbe,-0.0102543599972158,
linear,mixed_cadence,none,cuda,pv,npinball_q10,0.0025390472062956,
linear,mixed_cadence,none,cuda,pv,npinball_q50,0.0094225488746008,
linear,mixed_cadence,none,cuda,pv,npinball_q90,0.0081957920425972,
linear,mixed_cadence,none,cuda,pv,nsharpness,0.0378394511776016,
linear,mixed_cadence,none,cuda,pv,nexport_violation_mag,0.003138186299886,
svr,control_5min,none,cuda,pv,rmse,652.878662109375,
svr,control_5min,none,cuda,pv,rmse_maxnorm,0.0226693954318761,
svr,control_5min,none,cuda,pv,mae,141.08509826660156,
svr,control_5min,none,cuda,pv,mape,63.025657653808594,
svr,control_5min,none,cuda,pv,r2,0.6387003826486282,
svr,control_5min,none,cuda,pv,mbe,-79.6270980834961,
svr,control_5min,none,cuda,pv,efe,30.818044662475582,
svr,control_5min,none,cuda,pv,pinball_q10,21.814287185668945,
svr,control_5min,none,cuda,pv,pinball_q50,70.54254913330078,
svr,control_5min,none,cuda,pv,pinball_q90,56.74674987792969,
svr,control_5min,none,cuda,pv,coverage,0.7677751651550778,
svr,control_5min,none,cuda,pv,sharpness,476.025146484375,
svr,control_5min,none,cuda,pv,export_violation_rate,0.299630500503863,
svr,control_5min,none,cuda,pv,export_violation_count,2676.0,
svr,control_5min,none,cuda,pv,export_violation_mag,51.52624130249024,
svr,control_5min,none,cuda,pv,nrmse,0.0930663232901502,
svr,control_5min,none,cuda,pv,nmae,0.0201113501309413,
svr,control_5min,none,cuda,pv,nmbe,-0.0113506562290646,
svr,control_5min,none,cuda,pv,npinball_q10,0.0031095755174573,
svr,control_5min,none,cuda,pv,npinball_q50,0.0100556750654706,
svr,control_5min,none,cuda,pv,npinball_q90,0.0080891162114897,
svr,control_5min,none,cuda,pv,nsharpness,0.067856269086543,
svr,control_5min,none,cuda,pv,nexport_violation_mag,0.007344944948102,
svr,mixed_cadence,none,cuda,pv,rmse,652.878662109375,
svr,mixed_cadence,none,cuda,pv,rmse_maxnorm,0.0226693954318761,
svr,mixed_cadence,none,cuda,pv,mae,141.08509826660156,
svr,mixed_cadence,none,cuda,pv,mape,63.025657653808594,
svr,mixed_cadence,none,cuda,pv,r2,0.6387003824032067,
svr,mixed_cadence,none,cuda,pv,mbe,-79.6270980834961,
svr,mixed_cadence,none,cuda,pv,efe,30.818044662475582,
svr,mixed_cadence,none,cuda,pv,pinball_q10,21.814287185668945,
svr,mixed_cadence,none,cuda,pv,pinball_q50,70.54254913330078,
svr,mixed_cadence,none,cuda,pv,pinball_q90,56.74674987792969,
svr,mixed_cadence,none,cuda,pv,coverage,0.7677751651550778,
svr,mixed_cadence,none,cuda,pv,sharpness,476.025146484375,
svr,mixed_cadence,none,cuda,pv,export_violation_rate,0.299630500503863,
svr,mixed_cadence,none,cuda,pv,export_violation_count,2676.0,
svr,mixed_cadence,none,cuda,pv,export_violation_mag,51.52624130249024,
svr,mixed_cadence,none,cuda,pv,nrmse,0.0930663232901502,
svr,mixed_cadence,none,cuda,pv,nmae,0.0201113501309413,
svr,mixed_cadence,none,cuda,pv,nmbe,-0.0113506562290646,
svr,mixed_cadence,none,cuda,pv,npinball_q10,0.0031095755174573,
svr,mixed_cadence,none,cuda,pv,npinball_q50,0.0100556750654706,
svr,mixed_cadence,none,cuda,pv,npinball_q90,0.0080891162114897,
svr,mixed_cadence,none,cuda,pv,nsharpness,0.067856269086543,
svr,mixed_cadence,none,cuda,pv,nexport_violation_mag,0.007344944948102,
cvae,control_5min,none,cuda,pv,rmse,153.5403289794922,real_p1
cvae,control_5min,none,cuda,pv,rmse_maxnorm,0.0573768056929111,real_p1
cvae,control_5min,none,cuda,pv,mae,59.88874816894531,real_p1
cvae,control_5min,none,cuda,pv,mape,39.5000228881836,real_p1
cvae,control_5min,none,cuda,pv,r2,0.9437328860017,real_p1
cvae,control_5min,none,cuda,pv,mbe,-2.017258644104004,real_p1
cvae,control_5min,none,cuda,pv,efe,0.5706301331520081,real_p1
cvae,control_5min,none,cuda,pv,pinball_q10,12.299699783325195,real_p1
cvae,control_5min,none,cuda,pv,pinball_q50,29.944374084472656,real_p1
cvae,control_5min,none,cuda,pv,pinball_q90,21.08149719238281,real_p1
cvae,control_5min,none,cuda,pv,coverage,0.8733333333333333,real_p1
cvae,control_5min,none,cuda,pv,sharpness,212.9395904541016,real_p1
cvae,control_5min,none,cuda,pv,export_violation_rate,0.0,real_p1
cvae,control_5min,none,cuda,pv,export_violation_count,0.0,real_p1
cvae,control_5min,none,cuda,pv,export_violation_mag,0.0,real_p1
cvae,control_5min,none,cuda,pv,nrmse,0.0626286192133366,real_p1
cvae,control_5min,none,cuda,pv,nmae,0.0244284327718046,real_p1
cvae,control_5min,none,cuda,pv,nmbe,-0.0008228334817054,real_p1
cvae,control_5min,none,cuda,pv,npinball_q10,0.005017009011822,real_p1
cvae,control_5min,none,cuda,pv,npinball_q50,0.0122142163859023,real_p1
cvae,control_5min,none,cuda,pv,npinball_q90,0.0085990766652917,real_p1
cvae,control_5min,none,cuda,pv,nsharpness,0.0868573918958779,real_p1
cvae,control_5min,none,cuda,pv,nexport_violation_mag,0.0,real_p1
cvae,mixed_cadence,none,cuda,pv,rmse,169.9092559814453,real_p1
cvae,mixed_cadence,none,cuda,pv,rmse_maxnorm,0.0634937435388565,real_p1
cvae,mixed_cadence,none,cuda,pv,mae,66.47136688232422,real_p1
cvae,mixed_cadence,none,cuda,pv,mape,41.77190780639648,real_p1
cvae,mixed_cadence,none,cuda,pv,r2,0.9327812739274534,real_p1
cvae,mixed_cadence,none,cuda,pv,mbe,-3.626600027084351,real_p1
cvae,mixed_cadence,none,cuda,pv,efe,1.0258510112762451,real_p1
cvae,mixed_cadence,none,cuda,pv,pinball_q10,16.44437599182129,real_p1
cvae,mixed_cadence,none,cuda,pv,pinball_q50,33.23568344116211,real_p1
cvae,mixed_cadence,none,cuda,pv,pinball_q90,20.65909576416016,real_p1
cvae,mixed_cadence,none,cuda,pv,coverage,0.8866666666666667,real_p1
cvae,mixed_cadence,none,cuda,pv,sharpness,216.1853179931641,real_p1
cvae,mixed_cadence,none,cuda,pv,export_violation_rate,0.0,real_p1
cvae,mixed_cadence,none,cuda,pv,export_violation_count,0.0,real_p1
cvae,mixed_cadence,none,cuda,pv,export_violation_mag,0.0,real_p1
cvae,mixed_cadence,none,cuda,pv,nrmse,0.0693054532604562,real_p1
cvae,mixed_cadence,none,cuda,pv,nmae,0.0271134623244106,real_p1
cvae,mixed_cadence,none,cuda,pv,nmbe,-0.0014792787904321,real_p1
cvae,mixed_cadence,none,cuda,pv,npinball_q10,0.0067076094537368,real_p1
cvae,mixed_cadence,none,cuda,pv,npinball_q50,0.0135567311622053,real_p1
cvae,mixed_cadence,none,cuda,pv,npinball_q90,0.008426780445926,real_p1
cvae,mixed_cadence,none,cuda,pv,nsharpness,0.0881813139915596,real_p1
cvae,mixed_cadence,none,cuda,pv,nexport_violation_mag,0.0,real_p1
knn,control_5min,none,cuda,pv,rmse,323.6783447265625,
knn,control_5min,none,cuda,pv,rmse_maxnorm,0.011238830164074898,
knn,control_5min,none,cuda,pv,mae,94.01971435546875,
knn,control_5min,none,cuda,pv,mape,51.929386138916016,
knn,control_5min,none,cuda,pv,r2,0.8792719647414177,
knn,control_5min,none,cuda,pv,mbe,-22.699169158935547,
knn,control_5min,none,cuda,pv,efe,8.785247802734375,
knn,control_5min,none,cuda,pv,pinball_q10,16.502187728881836,
knn,control_5min,none,cuda,pv,pinball_q50,47.009857177734375,
knn,control_5min,none,cuda,pv,pinball_q90,31.820554733276367,
knn,control_5min,none,cuda,pv,coverage,0.8964281715373419,
knn,control_5min,none,cuda,pv,sharpness,215.98011779785156,
knn,control_5min,none,cuda,pv,export_violation_rate,0.011868771694099205,
knn,control_5min,none,cuda,pv,export_violation_count,106.0,
knn,control_5min,none,cuda,pv,export_violation_mag,290.8009338378906,
knn,control_5min,none,cuda,pv,nrmse,0.04613958951425563,
knn,control_5min,none,cuda,pv,nmae,0.013402289950146602,
knn,control_5min,none,cuda,pv,nmbe,-0.003235713369063052,
knn,control_5min,none,cuda,pv,npinball_q10,0.00235234818857287,
knn,control_5min,none,cuda,pv,npinball_q50,0.006701144975073301,
knn,control_5min,none,cuda,pv,npinball_q90,0.004535945507103891,
knn,control_5min,none,cuda,pv,nsharpness,0.030787459651809252,
knn,control_5min,none,cuda,pv,nexport_violation_mag,0.04145299163889783,
knn,mixed_cadence,none,cuda,pv,rmse,323.6783447265625,
knn,mixed_cadence,none,cuda,pv,rmse_maxnorm,0.011238830164074898,
knn,mixed_cadence,none,cuda,pv,mae,94.01971435546875,
knn,mixed_cadence,none,cuda,pv,mape,51.929386138916016,
knn,mixed_cadence,none,cuda,pv,r2,0.8792719647414177,
knn,mixed_cadence,none,cuda,pv,mbe,-22.699169158935547,
knn,mixed_cadence,none,cuda,pv,efe,8.785247802734375,
knn,mixed_cadence,none,cuda,pv,pinball_q10,16.502187728881836,
knn,mixed_cadence,none,cuda,pv,pinball_q50,47.009857177734375,
knn,mixed_cadence,none,cuda,pv,pinball_q90,31.820554733276367,
knn,mixed_cadence,none,cuda,pv,coverage,0.8964281715373419,
knn,mixed_cadence,none,cuda,pv,sharpness,215.98011779785156,
knn,mixed_cadence,none,cuda,pv,export_violation_rate,0.011868771694099205,
knn,mixed_cadence,none,cuda,pv,export_violation_count,106.0,
knn,mixed_cadence,none,cuda,pv,export_violation_mag,290.8009338378906,
knn,mixed_cadence,none,cuda,pv,nrmse,0.04613958951425563,
knn,mixed_cadence,none,cuda,pv,nmae,0.013402289950146602,
knn,mixed_cadence,none,cuda,pv,nmbe,-0.003235713369063052,
knn,mixed_cadence,none,cuda,pv,npinball_q10,0.00235234818857287,
knn,mixed_cadence,none,cuda,pv,npinball_q50,0.006701144975073301,
knn,mixed_cadence,none,cuda,pv,npinball_q90,0.004535945507103891,
knn,mixed_cadence,none,cuda,pv,nsharpness,0.030787459651809252,
knn,mixed_cadence,none,cuda,pv,nexport_violation_mag,0.04145299163889783,
