target,pv,pv,pv,pv,pv,pv,pv,pv,pv,pv,pv,pv,pv,pv,pv,pv,pv,pv,pv,pv,pv,pv,pv,pv,pv,pv,pv,pv,pv,pv,pv,pv,pv,pv,pv,pv,pv,pv,pv,pv,pv,pv,pv,pv,pv,pv,pv,pv,pv,pv,pv,pv,pv,pv,pv,pv,pv,pv,pv,pv,pv,pv,pv,pv,pv,pv,pv,pv,pv,pv,pv,pv,pv,pv,pv,pv,pv,pv,pv,pv,pv,pv,pv,pv,pv,pv,pv,pv,pv,pv,pv,pv,pv,pv,pv,pv,pv,pv,pv,pv,pv,pv,pv,pv,pv,pv,pv,pv,pv,pv,pv,pv,pv,pv,pv,pv,pv,pv,pv,pv,pv,pv,pv,pv,pv,pv,pv,pv,pv,pv,pv,pv,pv,pv,pv,pv,pv,pv,pv,pv,pv,pv,pv,pv,pv,pv,pv,pv,pv,pv,pv,pv,pv,pv,pv,pv,pv,pv,pv,pv,pv,pv,pv,pv,pv,pv,pv,pv,pv,pv,pv
sweep,baseline_cvae_dual_nomask_grid_sweep_weather_only,baseline_cvae_dual_nomask_grid_sweep_weather_only,baseline_cvae_dual_physmask_grid_sweep_physics_weight,baseline_cvae_dual_physmask_grid_sweep_physics_weight,baseline_cvae_single_csi_grid_sweep_weather_only,baseline_cvae_single_csi_grid_sweep_weather_only,baseline_knn_dual_grid_sweep_weather_only,baseline_knn_dual_grid_sweep_weather_only,baseline_knn_dual_physmask_grid_sweep_physics_weight,baseline_knn_dual_physmask_grid_sweep_physics_weight,baseline_knn_single_csi_grid_sweep_weather_only,baseline_knn_single_csi_grid_sweep_weather_only,baseline_linear_dual_grid_sweep_weather_only,baseline_linear_dual_grid_sweep_weather_only,baseline_linear_dual_physmask_grid_sweep_physics_weight,baseline_linear_dual_physmask_grid_sweep_physics_weight,baseline_linear_single_csi_grid_sweep_weather_only,baseline_linear_single_csi_grid_sweep_weather_only,baseline_lstm_dual_nomask_grid_sweep_weather_only,baseline_lstm_dual_nomask_grid_sweep_weather_only,baseline_lstm_dual_physmask_grid_sweep_physics_weight,baseline_lstm_dual_physmask_grid_sweep_physics_weight,baseline_lstm_single_csi_grid_sweep_weather_only,baseline_lstm_single_csi_grid_sweep_weather_only,baseline_mlp_dual_nomask_grid_sweep_weather_only,baseline_mlp_dual_nomask_grid_sweep_weather_only,baseline_mlp_dual_physmask_grid_sweep_physics_weight,baseline_mlp_dual_physmask_grid_sweep_physics_weight,baseline_mlp_single_csi_grid_sweep_weather_only,baseline_mlp_single_csi_grid_sweep_weather_only,baseline_svr_dual_grid_sweep_weather_only,baseline_svr_dual_grid_sweep_weather_only,baseline_svr_dual_physmask_grid_sweep_physics_weight,baseline_svr_dual_physmask_grid_sweep_physics_weight,baseline_svr_single_csi_grid_sweep_weather_only,baseline_svr_single_csi_grid_sweep_weather_only,coverage_eval,coverage_eval,coverage_eval,coverage_eval,coverage_eval,coverage_eval,coverage_eval,coverage_eval,coverage_eval,coverage_eval,coverage_eval,coverage_eval,coverage_eval,earne_learned_corr_dual_grid_sweep_weather_only,earne_learned_corr_dual_grid_sweep_weather_only,earne_learned_corr_dual_physmask_grid_sweep_physics_weight,earne_learned_corr_dual_physmask_grid_sweep_physics_weight,earne_learned_corr_single_csi_grid_sweep_weather_only,earne_learned_corr_single_csi_grid_sweep_weather_only,physics_weight_nomask,physics_weight_nomask,physics_weight_nomask,physics_weight_nomask,physics_weight_nomask,physics_weight_nomask,physics_weight_nomask,resolution_eval,resolution_eval,resolution_eval,resolution_eval,resolution_eval,resolution_eval,resolution_eval,resolution_eval,resolution_eval,resolution_eval,resolution_eval,resolution_eval,resolution_eval,resolution_eval,resolution_eval,resolution_eval,resolution_eval,resolution_eval,resolution_eval,tstr_trts_eval,tstr_trts_eval,tstr_trts_eval,tstr_trts_eval,tstr_trts_eval,tstr_trts_eval,tstr_trts_eval,tstr_trts_eval,tstr_trts_eval,tstr_trts_eval,tstr_trts_eval,tstr_trts_eval,tstr_trts_eval,tstr_trts_eval,tstr_trts_eval,tstr_trts_eval,tstr_trts_eval,tstr_trts_eval,tstr_trts_eval,tstr_trts_eval,tstr_trts_eval,tstr_trts_eval,tstr_trts_eval,tstr_trts_eval,tstr_trts_eval,tstr_trts_eval,tstr_trts_eval,tstr_trts_eval,tstr_trts_eval,tstr_trts_eval,tstr_trts_eval,tstr_trts_eval,tstr_trts_eval,tstr_trts_eval,tstr_trts_eval,tstr_trts_eval,tstr_trts_eval,tstr_trts_eval,tstr_trts_eval,tstr_trts_eval,tstr_trts_eval,tstr_trts_eval,tstr_trts_eval,tstr_trts_eval,tstr_trts_eval,tstr_trts_eval,tstr_trts_eval,tstr_trts_eval,tstr_trts_eval,tstr_trts_eval,tstr_trts_eval,tstr_trts_eval,tstr_trts_eval,tstr_trts_eval,tstr_trts_eval,tstr_trts_eval,tstr_trts_eval,tstr_trts_eval,tstr_trts_eval,tstr_trts_eval,tstr_trts_eval,tstr_trts_eval,tstr_trts_eval,tstr_trts_eval,tstr_trts_eval,tstr_trts_eval,tstr_trts_eval,tstr_trts_eval,tstr_trts_eval,tstr_trts_eval,tstr_trts_eval,tstr_trts_eval,tstr_trts_eval,tstr_trts_eval,tstr_trts_eval,tstr_trts_eval,tstr_trts_eval,tstr_trts_eval,tstr_trts_eval,tstr_trts_eval,tstr_trts_eval,tstr_trts_eval,tstr_trts_eval,tstr_trts_eval,tstr_trts_eval,tstr_trts_eval,tstr_trts_eval,tstr_trts_eval,tstr_trts_eval,tstr_trts_eval
run_name,baseline_cvae_dual_nomask-wx=False,baseline_cvae_dual_nomask-wx=True,baseline_cvae_dual_physmask-pw=0.0,baseline_cvae_dual_physmask-pw=0.3,baseline_cvae_single_csi-wx=False,baseline_cvae_single_csi-wx=True,baseline_knn_dual-wx=False,baseline_knn_dual-wx=True,baseline_knn_dual_physmask-pw=0.0,baseline_knn_dual_physmask-pw=0.3,baseline_knn_single_csi-wx=False,baseline_knn_single_csi-wx=True,baseline_linear_dual-wx=False,baseline_linear_dual-wx=True,baseline_linear_dual_physmask-pw=0.0,baseline_linear_dual_physmask-pw=0.3,baseline_linear_single_csi-wx=False,baseline_linear_single_csi-wx=True,baseline_lstm_dual_nomask-wx=False,baseline_lstm_dual_nomask-wx=True,baseline_lstm_dual_physmask-pw=0.0,baseline_lstm_dual_physmask-pw=0.3,baseline_lstm_single_csi-wx=False,baseline_lstm_single_csi-wx=True,baseline_mlp_dual_nomask-wx=False,baseline_mlp_dual_nomask-wx=True,baseline_mlp_dual_physmask-pw=0.0,baseline_mlp_dual_physmask-pw=0.3,baseline_mlp_single_csi-wx=False,baseline_mlp_single_csi-wx=True,baseline_svr_dual-wx=False,baseline_svr_dual-wx=True,baseline_svr_dual_physmask-pw=0.0,baseline_svr_dual_physmask-pw=0.3,baseline_svr_single_csi-wx=False,baseline_svr_single_csi-wx=True,coverage_eval_cvae_optimal,coverage_eval_cvae_suboptimal,coverage_eval_gnn_optimal,coverage_eval_gnn_suboptimal,coverage_eval_knn_optimal,coverage_eval_linear_optimal,coverage_eval_linear_suboptimal,coverage_eval_lstm_optimal,coverage_eval_lstm_suboptimal,coverage_eval_mlp_optimal,coverage_eval_mlp_suboptimal,coverage_eval_svr_optimal,coverage_eval_svr_suboptimal,earne_learned_corr_dual-wx=False,earne_learned_corr_dual-wx=True,earne_learned_corr_dual_physmask-pw=0.0,earne_learned_corr_dual_physmask-pw=0.3,earne_learned_corr_single_csi-wx=False,earne_learned_corr_single_csi-wx=True,baseline_cvae_dual_nomask_pw03,baseline_knn_dual_pw03,baseline_linear_dual_pw03,baseline_lstm_dual_nomask_pw03,baseline_mlp_dual_nomask_pw03,baseline_svr_dual_pw03,earne_learned_corr_dual_pw03,res_eval_cvae_30min,res_eval_cvae_60min,res_eval_gnn_30min,res_eval_gnn_5min,res_eval_gnn_60min,res_eval_knn_30min,res_eval_knn_60min,res_eval_linear_30min,res_eval_linear_5min,res_eval_linear_60min,res_eval_lstm_30min,res_eval_lstm_5min,res_eval_lstm_60min,res_eval_mlp_30min,res_eval_mlp_5min,res_eval_mlp_60min,res_eval_svr_30min,res_eval_svr_5min,res_eval_svr_60min,trtr,trts_energydiff,trts_faraday,trts_guide_vae,trts_guide_vae_base,tstr_energydiff,tstr_faraday,tstr_guide_vae,tstr_guide_vae_base,tstr_trts_cvae_trtr,tstr_trts_cvae_trts_energydiff,tstr_trts_cvae_trts_faraday,tstr_trts_cvae_trts_guide_vae,tstr_trts_cvae_trts_guide_vae_base,tstr_trts_cvae_tstr_energydiff,tstr_trts_cvae_tstr_faraday,tstr_trts_cvae_tstr_guide_vae,tstr_trts_cvae_tstr_guide_vae_base,tstr_trts_knn_current_trtr,tstr_trts_knn_current_trts_energydiff,tstr_trts_knn_current_trts_faraday,tstr_trts_knn_current_trts_guide_vae,tstr_trts_knn_current_trts_guide_vae_base,tstr_trts_knn_current_tstr_energydiff,tstr_trts_knn_current_tstr_faraday,tstr_trts_knn_current_tstr_guide_vae,tstr_trts_knn_current_tstr_guide_vae_base,tstr_trts_knn_trtr,tstr_trts_knn_trts_energydiff,tstr_trts_knn_trts_faraday,tstr_trts_knn_trts_guide_vae,tstr_trts_knn_trts_guide_vae_base,tstr_trts_knn_tstr_energydiff,tstr_trts_knn_tstr_faraday,tstr_trts_knn_tstr_guide_vae,tstr_trts_knn_tstr_guide_vae_base,tstr_trts_linear_current_trtr,tstr_trts_linear_current_trts_energydiff,tstr_trts_linear_current_trts_faraday,tstr_trts_linear_current_trts_guide_vae,tstr_trts_linear_current_trts_guide_vae_base,tstr_trts_linear_current_tstr_energydiff,tstr_trts_linear_current_tstr_faraday,tstr_trts_linear_current_tstr_guide_vae,tstr_trts_linear_current_tstr_guide_vae_base,tstr_trts_linear_trtr,tstr_trts_linear_trts_energydiff,tstr_trts_linear_trts_faraday,tstr_trts_linear_trts_guide_vae,tstr_trts_linear_trts_guide_vae_base,tstr_trts_linear_tstr_energydiff,tstr_trts_linear_tstr_faraday,tstr_trts_linear_tstr_guide_vae,tstr_trts_linear_tstr_guide_vae_base,tstr_trts_lstm_trtr,tstr_trts_lstm_trts_energydiff,tstr_trts_lstm_trts_faraday,tstr_trts_lstm_trts_guide_vae,tstr_trts_lstm_trts_guide_vae_base,tstr_trts_lstm_tstr_energydiff,tstr_trts_lstm_tstr_faraday,tstr_trts_lstm_tstr_guide_vae,tstr_trts_lstm_tstr_guide_vae_base,tstr_trts_mlp_trtr,tstr_trts_mlp_trts_energydiff,tstr_trts_mlp_trts_faraday,tstr_trts_mlp_trts_guide_vae,tstr_trts_mlp_trts_guide_vae_base,tstr_trts_mlp_tstr_energydiff,tstr_trts_mlp_tstr_faraday,tstr_trts_mlp_tstr_guide_vae,tstr_trts_mlp_tstr_guide_vae_base,tstr_trts_svr_current_trtr,tstr_trts_svr_current_trts_energydiff,tstr_trts_svr_current_trts_faraday,tstr_trts_svr_current_trts_guide_vae,tstr_trts_svr_current_trts_guide_vae_base,tstr_trts_svr_current_tstr_energydiff,tstr_trts_svr_current_tstr_faraday,tstr_trts_svr_current_tstr_guide_vae,tstr_trts_svr_current_tstr_guide_vae_base,tstr_trts_svr_trtr,tstr_trts_svr_trts_energydiff,tstr_trts_svr_trts_faraday,tstr_trts_svr_trts_guide_vae,tstr_trts_svr_trts_guide_vae_base,tstr_trts_svr_tstr_energydiff,tstr_trts_svr_tstr_faraday,tstr_trts_svr_tstr_guide_vae,tstr_trts_svr_tstr_guide_vae_base
metric,,,,,,,,,,,,,,,,,,,,,,,,,,,,,,,,,,,,,,,,,,,,,,,,,,,,,,,,,,,,,,,,,,,,,,,,,,,,,,,,,,,,,,,,,,,,,,,,,,,,,,,,,,,,,,,,,,,,,,,,,,,,,,,,,,,,,,,,,,,,,,,,,,,,,,,,,,,,,,,,,,,,,,,,,,,
RMSE,449.0362854003906,454.5105794270833,414.6551920572917,431.1171875,460.8532206217448,473.48667399088544,522.5441080729166,614.3944091796875,496.21116129557294,496.1837870279948,581.6153361002604,678.9122517903646,673.4255981445312,682.6327514648438,670.1454467773438,1959.4078369140625,734.5120849609375,776.2999674479166,652.7295532226562,778.9448852539062,609.5605061848959,2564.4047037760415,684.2139078776041,739.9599609375,640.1277058919271,698.5364379882812,587.6427001953125,2673.206787109375,700.2120768229166,724.901611328125,893.362060546875,2560.6363118489585,885.1866658528646,2424.6300455729165,1785.0116780598958,1617.495849609375,462.98497517903644,479.9560852050781,744.8704020182291,688.2219034830729,752.291015625,734.5120849609375,730.3420206705729,713.9950561523438,764.5857340494791,663.9589029947916,693.18115234375,1785.0116780598958,1647.8126220703125,793.5751546223959,712.947998046875,719.4909871419271,3495.8445638020835,744.2653401692709,805.1141153971354,546.6300252278646,522.5319620768229,2670.1866861979165,3155.396240234375,3451.9391276041665,2893.9532877604165,3705.5411783854165,504.07996622721356,565.8348795572916,871.7497762044271,733.8494466145834,969.9963582356771,732.7088623046875,731.41552734375,753.1488037109375,722.6341959635416,794.469970703125,703.6147867838541,749.5219319661459,1015.6683553059896,654.6736653645834,672.57177734375,731.9489339192709,1907.1641438802083,1685.028076171875,1839.4136149088542,331.2858378092448,543.0519002278646,482.3443908691406,368.31211344401044,424.5292561848958,480.5144449869792,330.47951253255206,917.8971557617188,522.5815226236979,278.7254638671875,418.411865234375,380.9834289550781,328.31189982096356,374.8094889322917,319.5713806152344,238.60584513346353,969.4318644205729,486.99163818359375,419.57562255859375,729.879638671875,707.1339111328125,440.3054809570313,507.5311584472656,568.3931884765625,564.1414184570312,912.7236328125,528.7377319335938,412.6658325195313,730.9468994140625,714.4779663085938,435.8011169433594,508.5723876953125,563.457763671875,528.922607421875,915.41845703125,560.3926391601562,334.1756591796875,675.4793904622396,634.658203125,372.3711751302083,451.51853434244794,408.3573710123698,388.5846761067708,936.2230834960938,517.3333740234375,513.8636576334635,801.1604207356771,803.0875040690104,529.1986083984375,600.23876953125,532.6309204101562,526.8940633138021,940.4905802408854,570.2122802734375,301.0828552246094,449.7386779785156,408.9843241373698,347.9671325683594,399.8607686360677,330.39146931966144,290.59656778971356,912.034423828125,494.99013264973956,300.0691324869792,459.9674580891927,414.80150349934894,343.1412658691406,386.1894226074219,342.0464172363281,293.1168212890625,911.2133178710938,492.4153747558594,433.30628458658856,830.6556803385416,804.0050455729166,461.09605916341144,530.743896484375,605.0327555338541,636.7051595052084,962.6896362304688,611.7153523763021,710.9945271809896,1075.8465983072917,1048.4474283854167,726.2129720052084,781.2764485677084,856.1995239257812,869.9457397460938,1064.4962972005208,723.0776977539062
NRMSE,0.05423143543482973,0.054892582056411,0.04319324917263451,0.0449080403645833,0.05565860152436527,0.05718438091677353,0.06310918435300163,0.07420221457929793,0.051688683667134666,0.05168583217976836,0.07024338979507247,0.08199422363742513,0.08133158438637143,0.0824435592939076,0.0698068457771182,0.20410506606244547,0.08870917854237681,0.09375602365812796,0.07883206234761113,0.0940754581380847,0.06349591189747926,0.26712559867035535,0.08263452019080077,0.08936713450059271,0.07731010028910411,0.08436429415474334,0.06121280617789957,0.27845915362921286,0.08456666597080698,0.08754849345791656,0.10789395593981684,0.309255556744152,0.09220698187879034,0.2525657325164385,0.21558109511249782,0.1953497172509863,0.0559160598042314,0.0571376291910807,0.08996018287034874,0.08193115041076253,0.0908563921374462,0.08870917854237681,0.08694544832709276,0.0862312768046029,0.09102207945038458,0.0801882638509589,0.08252153697398026,0.21558109511249782,0.19616810087608086,0.0958423986746743,0.08610482052658643,0.0749470083232998,0.3641506235693184,0.08988710777643623,0.09723599280677668,0.0660181189888725,0.06310771744543384,0.32248627672341934,0.38108645749753994,0.41690081165150567,0.34951122541556284,0.4475290750417034,0.0636464603822239,0.07254293781777534,0.11006940261550197,0.089932524840958,0.12435847632667023,0.0925137338332379,0.0937711979739588,0.09509453419762387,0.08855810695125955,0.1018550989445365,0.08884023990224836,0.09185317244068181,0.13021385910026226,0.08266080614155803,0.0824230069973212,0.09383958341523513,0.2408035238283481,0.20649852639001423,0.23582219927161807,0.06420265744446303,0.08702752768367537,0.07529631247958647,0.07037159536601169,0.07861655735793689,0.08157541492226683,0.051718771045726364,0.16169335173455443,0.09799973375251664,0.05401656276495876,0.06705318353114981,0.059473344646866565,0.06272895590494183,0.069409164617091,0.05425259831012436,0.0373408787799826,0.17077145573621888,0.09132555294344301,0.0813130743689913,0.1169678633545242,0.1103870532040945,0.0841270162243947,0.0939872855585523,0.0964943107802352,0.0882859594986743,0.1607820031584271,0.0991542079296088,0.0799739682791423,0.1171388986897241,0.1115334960442124,0.0832663894076785,0.0941801058594132,0.0956564393479395,0.082774351198143,0.1612567133778999,0.1050904539426496,0.06476270013372844,0.1082498769059429,0.09907324161917647,0.07114714044346197,0.0836145736392892,0.06932553708724157,0.06081200538403803,0.16492157905873364,0.0970155482364713,0.0995859424669902,0.12839106292673574,0.1253658771606545,0.10111139161360361,0.11115536789473661,0.09042306383539578,0.08245689185708553,0.16567332542579702,0.10693193163174847,0.058349368461433904,0.07207348916700564,0.0638444481836102,0.0664843793075363,0.0740483172706828,0.05608951297449363,0.045477243781366666,0.1606605946650794,0.09282551929171023,0.0581529106409061,0.07371271636403533,0.06475253826049514,0.06556232454405819,0.07151658560893574,0.05806813655619523,0.04587165374860233,0.16051595169120353,0.09234267484131597,0.08397405437495409,0.1331178662406518,0.12550910986554117,0.08809937038696619,0.09828594230538996,0.10271449399523051,0.09964190553215924,0.1695838286295247,0.11471500439630354,0.13778958489548573,0.1724112733576467,0.1636677583082845,0.1387539631472591,0.14468087613843414,0.14535428049907131,0.1361431581381359,0.1875177116771202,0.13559878946062856
MAE,155.7340291341146,155.2423858642578,127.90018208821614,134.50613911946616,166.73575846354166,167.04847208658853,174.9906260172526,206.03333536783853,149.39326985677084,149.3941904703776,198.22472127278647,231.22811381022132,220.35282389322916,222.8981170654297,199.6350860595703,491.8900146484375,242.48453776041666,247.61270141601562,182.44095865885416,194.71496073404947,153.30604044596353,805.3387858072916,197.3108113606771,199.3550618489583,183.07679748535156,196.01298014322916,154.06312052408853,1016.3701782226562,195.3922119140625,208.1441446940104,267.1513977050781,426.57703653971356,243.3331756591797,528.3064168294271,364.6489664713542,382.59385172526044,169.34668986002603,177.45556640625,214.33216857910156,220.82670084635416,252.16000366210935,242.48453776041666,271.0604553222656,203.6335194905599,216.606201171875,198.31775919596353,208.61597696940103,364.6489664713542,390.6716817220052,210.32943216959634,198.52535502115884,176.07366943359375,1030.6958414713542,215.664306640625,221.9257405598958,191.79985555013022,174.98766072591147,822.1983235677084,1362.1545003255208,1525.2928873697917,761.7787882486979,1504.3538004557292,183.11550903320312,203.18806966145834,250.02779134114584,216.91723124186197,264.8873697916667,245.70608520507807,247.9557647705078,248.4717000325521,247.17352803548178,261.2138977050781,208.64252726236978,199.8155771891276,259.3543243408203,205.08724466959634,206.7074178059896,223.5718231201172,361.0189615885417,361.23524983723956,362.97585042317706,98.4217529296875,207.76373291015625,183.0899912516276,109.29365793863933,130.65370178222656,145.2112070719401,108.60030110677083,153.53912353515625,140.7925059000651,79.73995463053386,151.18772888183594,135.67611185709634,95.8338623046875,112.06350962320964,108.68794250488281,67.76577504475911,199.82967122395834,140.1585489908854,139.1743927001953,283.9394836425781,262.8045654296875,148.40237426757812,175.40196228027344,187.2393035888672,176.16195678710938,156.83013916015625,148.61851501464844,138.54766845703125,292.8573303222656,276.37841796875,148.05943298339844,177.8132781982422,184.9002990722656,165.4136962890625,152.62928771972656,151.2412567138672,109.48641713460286,249.9703623453776,225.22189331054685,117.65771484375,143.4238026936849,139.3724110921224,129.89325459798178,168.24011739095053,144.1213175455729,146.48718770345053,304.1929016113281,281.47202555338544,151.5384775797526,180.43957010904947,170.51327006022134,155.6789805094401,161.99283854166666,151.6218719482422,87.35930633544922,166.7562052408854,149.2404022216797,100.33691151936848,119.31135559082031,107.5266850789388,90.31658172607422,143.76092529296875,129.97021993001303,86.59112548828125,171.59192403157553,151.12826538085938,99.67195892333984,114.49397532145183,109.759033203125,91.07588704427083,137.96746317545572,126.95865376790364,137.50092061360678,319.33616129557294,295.09498087565106,147.01104227701822,174.9950917561849,189.31023152669272,185.14030965169272,177.46101888020834,168.6111094156901,243.88750203450522,455.4497578938802,425.1493733723958,249.10853068033853,280.0239664713542,291.1195068359375,282.33941650390625,236.93226623535156,214.98634338378906
NMAE,0.018808457624893034,0.018749080418388565,0.013322935634189133,0.014011056158277668,0.020137168896562967,0.020174936242341564,0.021134131084354166,0.024883250128960033,0.015561805275528367,0.015561901172818067,0.023940180905036603,0.027926097408048498,0.0266126567517278,0.026920059272501063,0.0207953299261799,0.05123856404157063,0.029285568739278733,0.02990491210289847,0.022033929606442567,0.0235162968319946,0.015969385711080867,0.08388949098964747,0.023829805324804634,0.02407669545127537,0.022110721726189535,0.0236730624426333,0.01604824825130813,0.10587193664426131,0.023598090443122197,0.0251381787614743,0.03226465775321533,0.05151895968939963,0.0253472161116398,0.05503194081228596,0.044039725056015666,0.046206981473581495,0.0204524987753654,0.0211256626674107,0.025885524553172532,0.026288883789064233,0.030454103130649,0.029285568739278733,0.03226909056951357,0.024593417327723466,0.025786443526863465,0.02395141736786317,0.0248352266916604,0.044039725056015666,0.046508517317450336,0.025402102338509102,0.023976489324470763,0.018341014695643934,0.10736419383986832,0.0260464107735117,0.02680262251032117,0.023164233762092968,0.021133772957422803,0.09929930272895322,0.1645113936799351,0.18421409510546063,0.09200225826120073,0.18168522017255506,0.023120645079949834,0.026049754151418535,0.031569161680793704,0.02658299243405453,0.0339599107004764,0.0310234917814014,0.0317891926515693,0.031372685529692364,0.030290871721203,0.033488952858585504,0.02634375019394583,0.024487201621628166,0.03325054607671113,0.02589485093202723,0.0253317898819793,0.028663047068923465,0.04558319660021473,0.044269023066360935,0.0465353537863864,0.019073975906168234,0.033295462201523435,0.028581240819088166,0.020882205042377398,0.024195138710806766,0.024652046555182532,0.016995528907059767,0.0270468813972771,0.026402824239332,0.015453479579560767,0.024228802705422367,0.021179693255832733,0.018310509384488468,0.0207525017820758,0.018451599997844733,0.010605077968490334,0.035201240135222765,0.026283935868150737,0.0269717713218904,0.0455031116967354,0.0410250747272071,0.0283545163249185,0.032481856615074,0.0317870233441827,0.0275686678433424,0.0276266144792207,0.0278704360403068,0.0268503131812041,0.0469322534573473,0.0431440193271254,0.0282889922098984,0.032928396761392,0.031389937958015,0.025886606466592,0.0268866081012967,0.0283622788956275,0.021218289862912836,0.04005934353600934,0.035158236266410334,0.022480284515357402,0.0265599730682652,0.023660812660615635,0.020327794129978167,0.029636553840917967,0.027027076419803633,0.028388979119423566,0.04874885099389073,0.04393915631970039,0.028953716256863965,0.033414747291153235,0.028947497624742566,0.024363160935148,0.028536056415884765,0.0284336556856901,0.016930091718771998,0.026723744566470333,0.023297154839956234,0.019170883280735965,0.022094703471210703,0.018254464651459166,0.014134197233976367,0.025324390334112,0.0243733205203067,0.016781219517918933,0.027498699318954736,0.023591859488840298,0.0190438340382124,0.021202595691253965,0.0186334433198036,0.0142530255922146,0.024303835578007037,0.0238085613979729,0.0266474551487976,0.051175654860774765,0.046065766103619364,0.028088681321709035,0.0324065101944722,0.03213859821891266,0.028973745491311233,0.031260873579195166,0.03161964806465727,0.047265001883730264,0.07298872611807707,0.06636789122864113,0.047595949422726165,0.051856308843186504,0.049422436328112496,0.04418503140315297,0.04173710749747977,0.0403163975378624
R$^2$,0.9376138961759645,0.9358798115637593,0.9492075291892846,0.9482699810895646,0.9335559694957012,0.9314021690872044,0.918370097132403,0.886466221544726,0.9269652556296091,0.9269720922699558,0.9008844297985387,0.8620022333712648,0.86560584749264,0.8656724937755375,0.867139069609566,0.8211859949206998,0.8406304718942298,0.831910531133949,0.8767537921802937,0.8557788283677025,0.9059427781404855,0.8743655456930873,0.8718763210262527,0.865941888485733,0.883294259337359,0.8629487100403015,0.8995890678014106,0.7021097642853399,0.8731049114041802,0.8492755659972867,0.7558648172663022,0.3798792408944731,0.7611769266073654,0.771868042751347,0.4150567912099659,0.5356079130963317,0.9335306287139108,0.9191774509019554,0.8361610697813048,0.8348623892123045,0.8329817360598709,0.8406304718942298,0.8232434626656829,0.8597474195594191,0.8284350857033842,0.8673993648105437,0.8460220020905053,0.4150567912099659,0.3862849928330627,0.8141254488158113,0.8412550769913766,0.8521157456646741,0.8576455211331226,0.8340794881972743,0.8138201740004075,0.9248744434842434,0.918370974302214,0.6758859268500016,0.8401785823986435,0.6552527533711409,0.7470606856125107,0.8390312076594731,0.919124436949755,0.8953424655451574,0.7683448934452618,0.8513688224999715,0.7287034880407602,0.8367373866857926,0.8306903624758748,0.828207300961724,0.8401459807575966,0.802615049176982,0.8524180587433117,0.8531186109400594,0.6754839420930283,0.8743311769390093,0.8578426193547957,0.8358145101326406,0.3690992395622155,0.4364888479390762,0.4055325298175614,0.7752653644704495,0.7374757202815889,0.7738582250849636,0.7292894013296434,0.682348640324005,0.6830281643732835,0.8420429712688137,0.2581720112939401,0.4826169095437194,0.8362759502665718,0.8266821403786612,0.8568879794460346,0.7831054803590219,0.7514626496525669,0.8460493124842428,0.9188176177141706,0.18115995709079805,0.5328772979387709,0.6905779502900974,0.4818668727228597,0.4934627223416769,0.6608744766397618,0.5921757999279147,0.5164643423539753,0.5445414732024508,0.2530459444686774,0.4355190314578673,0.6426877120256606,0.4712679135563414,0.4748312621414962,0.616353893046225,0.5435515092355928,0.5325896290188984,0.6101570583382124,0.2477283656248793,0.3822725474269547,0.7765731842441127,0.5636606590104868,0.5980774465392256,0.7317506894943842,0.655840067461802,0.7525582060518697,0.7971686656368089,0.24704105845063942,0.47536724694030535,0.5945293507032291,0.42893580974504814,0.42225314010016207,0.5696535548731878,0.49816357671821593,0.6707352724044856,0.7398893555121561,0.21354785514269048,0.3742458092964913,0.8134886500579457,0.8058969147507494,0.8363280300907894,0.7605439348194585,0.7282138219605082,0.8366230276581413,0.8802882024374243,0.2641279411420086,0.5273927304089795,0.8124637673535746,0.7980892982170102,0.8267235366856761,0.7638086830059697,0.7345032236021888,0.8283537596592928,0.8794773826531056,0.2724193238672465,0.5396942842512159,0.6073434195583888,0.3682918020780704,0.3804632740603695,0.5781993479427393,0.5143534397757822,0.48274852076625385,0.5135030689931761,0.1709123635679299,0.25471448702430705,0.41209434256242544,0.3188109767190481,0.31732494068028955,0.39431260088038117,0.3552513172809812,0.40239708069931573,0.39079038482608563,0.18058902578075134,0.32074641415117294
EFE,5.6316094398498535,6.507550001144409,4.690414905548096,2.7180338700612388,7.694583098093669,6.784418265024821,1.4983066320419312,0.12869609395662937,2.552715222040812,2.551964600880941,0.5967203179995219,0.6789999008178711,14.240276972452799,13.010427157084147,16.919530232747395,64.3787612915039,20.139352798461914,18.878474553426106,8.178728421529135,13.823976198832193,13.294365247090658,145.31244405110678,11.867945512135824,15.981749852498373,8.19139059384664,10.78354024887085,6.855287383000056,186.23153686523438,13.456015586853027,12.035420099894205,19.110876719156902,2.7132695515950522,21.23377291361491,75.69822692871094,10.234684626261393,6.811192512512207,11.000516255696615,6.248370170593262,11.46852699915568,9.664718945821127,5.109796524047852,20.139352798461914,30.183372497558594,11.198721249898275,16.66688346862793,8.350150267283121,11.010790983835856,10.234684626261393,19.039883295694988,9.800499757130941,6.685951391855876,10.635587215423584,190.4408162434896,10.540289084116617,9.717449824015299,11.17987060546875,1.5004134972890217,116.79267120361328,228.6222941080729,255.38849385579428,109.65721384684245,252.81170654296875,8.815572420756022,9.080554008483887,10.939421653747559,14.323161125183105,18.532546043395996,5.700759410858154,6.881158828735352,20.11789067586263,22.792763392130535,23.38104756673177,10.610530217488607,13.202733357747396,15.603382428487143,10.085288921991983,7.8848557472229,10.991255760192871,11.181782404581705,11.378150622049967,10.201850573221842,9.806652545928955,27.63874117533366,22.451372146606445,14.401901563008627,13.070663770039877,10.087984323501587,5.837520599365234,38.722381591796875,40.880350748697914,8.325830141703287,11.883509953816732,15.537488301595053,15.118345260620117,13.941148440043131,4.50067679087321,5.659355640411377,61.496969858805336,37.068851470947266,14.876773834228516,14.689586639404297,12.493703842163086,12.148764610290527,5.38935136795044,11.120776176452637,13.392814636230469,2.611199140548706,11.234589576721191,8.757606506347656,19.426002502441406,17.97248077392578,8.647527694702148,14.03525733947754,27.21638298034668,26.393280029296875,23.721933364868164,34.32876968383789,10.74399471282959,32.404253005981445,31.87322743733724,14.825738588968912,19.838904062906902,17.634029388427734,12.85863463083903,4.61295086145401,17.722602208455402,13.354996045430502,34.22934595743815,33.122267405192055,15.653463999430338,22.197446823120117,9.237711429595947,3.6817472775777182,28.440631866455078,37.500864028930664,10.201635837554932,10.313443819681803,18.338186264038086,15.482759157816568,16.766605695088703,12.657251358032227,14.376500765482584,36.998321533203125,35.219427744547524,9.635852654774984,12.17515261967977,13.29983933766683,8.7276078859965,13.881858507792154,12.08979066212972,10.105244795481363,31.005207061767578,32.28858248392741,23.849992752075195,54.18570327758789,52.40207036336263,31.449160893758137,37.66640090942383,39.219624837239586,49.568711598714195,16.463375727335613,23.631866455078125,93.90074920654297,95.90995279947917,95.6983133951823,94.00500742594402,94.53241475423177,97.47135670979817,97.29804992675781,91.66726430257161,93.01547241210938
Pinball Q50,77.8670145670573,77.6211929321289,63.95009104410807,67.25306955973308,83.36787923177083,83.52423604329427,87.4953130086263,103.01666768391927,74.69663492838542,74.6970952351888,99.11236063639323,115.61405690511067,110.17641194661458,111.44905853271484,99.81754302978516,245.94500732421875,121.24226888020833,123.80635070800781,91.22047932942708,97.35748036702473,76.65302022298177,402.6693929036458,98.65540568033855,99.67753092447917,91.53839874267578,98.00649007161458,77.03156026204427,508.1850891113281,97.69610595703125,104.0720723470052,133.57569885253906,213.28851826985678,121.66658782958984,264.1532084147135,182.3244832356771,191.29692586263022,84.67334493001302,88.727783203125,107.16608428955078,110.41335042317708,126.08000183105467,121.24226888020833,135.5302276611328,101.81675974527995,108.3031005859375,99.15887959798177,104.30798848470052,182.3244832356771,195.3358408610026,105.16471608479817,99.26267751057942,88.03683471679688,515.3479207356771,107.8321533203125,110.96287027994792,95.89992777506511,87.49383036295573,411.0991617838542,681.0772501627604,762.6464436848959,380.88939412434894,752.1769002278646,91.55775451660156,101.59403483072917,125.01389567057292,108.45861562093098,132.44368489583334,122.85304260253906,123.9778823852539,124.23585001627605,123.58676401774089,130.60694885253906,104.32126363118489,99.9077885945638,129.67716217041016,102.54362233479817,103.3537089029948,111.7859115600586,180.50948079427084,180.61762491861978,181.48792521158853,49.21087646484375,103.88186645507812,91.5449956258138,54.646828969319664,65.32685089111328,72.60560353597005,54.300150553385414,76.76956176757812,70.39625295003255,39.86997731526693,75.59386444091797,67.83805592854817,47.91693115234375,56.03175481160482,54.343971252441406,33.882887522379555,99.91483561197917,70.0792744954427,69.58719635009766,141.96974182128906,131.40228271484375,74.20118713378906,87.70098114013672,93.6196517944336,88.08097839355469,78.41506958007812,74.30925750732422,69.27383422851562,146.4286651611328,138.189208984375,74.02971649169922,88.9066390991211,92.4501495361328,82.70684814453125,76.31464385986328,75.6206283569336,54.74320856730143,124.9851811726888,112.61094665527344,58.828857421875,71.71190134684245,69.6862055460612,64.94662729899089,84.12005869547527,72.06065877278645,73.24359385172527,152.09645080566406,140.73601277669272,75.7692387898763,90.21978505452473,85.25663503011067,77.83949025472005,80.99641927083333,75.8109359741211,43.67965316772461,83.3781026204427,74.62020111083984,50.16845575968424,59.655677795410156,53.7633425394694,45.15829086303711,71.88046264648438,64.98510996500652,43.295562744140625,85.79596201578777,75.56413269042969,49.83597946166992,57.246987660725914,54.8795166015625,45.537943522135414,68.98373158772786,63.47932688395182,68.75046030680339,159.66808064778647,147.54749043782553,73.50552113850911,87.49754587809245,94.65511576334636,92.57015482584636,88.73050944010417,84.30555470784505,121.94375101725261,227.72487894694007,212.5746866861979,124.55426534016927,140.0119832356771,145.55975341796875,141.16970825195312,118.46613311767578,107.49317169189453
NPinball Q50,0.0094042288124465,0.009374540209194234,0.006661467817094533,0.0070055280791388,0.010068584448281466,0.010087468121170765,0.010567065542177068,0.01244162506448,0.007780902637764167,0.0077809505864089995,0.011970090452518267,0.013963048704024233,0.013306328375863867,0.013460029636250532,0.010397664963089933,0.0256192820207853,0.014642784369639367,0.014952456051449235,0.011016964803221266,0.011758148415997267,0.007984692855540433,0.041944745494823694,0.011914902662402268,0.012038347725637666,0.011055360863094768,0.011836531221316634,0.008024124125654066,0.052935968322130635,0.011799045221561099,0.012569089380737133,0.016132328876607635,0.0257594798446998,0.012673608055819867,0.027515970406142967,0.022019862528007802,0.023103490736790733,0.010226249387682665,0.010562831333705334,0.012942762276586231,0.0131444418945321,0.0152270515653245,0.014642784369639367,0.016134545284756767,0.0122967086638617,0.012893221763431733,0.011975708683931566,0.012417613345830166,0.022019862528007802,0.023254258658725133,0.012701051169254499,0.011988244662235366,0.009170507347821932,0.05368209691993416,0.013023205386755832,0.013401311255160567,0.011582116881046467,0.010566886478711367,0.0496496513644766,0.08225569683996749,0.0921070475527303,0.04600112913060034,0.09084261008627749,0.011560322539974867,0.013024877075709235,0.01578458084039683,0.013291496217027235,0.0169799553502382,0.0155117458907007,0.0158945963257846,0.015686342764846168,0.0151454358606015,0.016744476429292734,0.013171875096972867,0.012243600810814034,0.016625273038355565,0.012947425466013601,0.012665894940989632,0.014331523534461701,0.022791598300107366,0.022134511533180468,0.023267676893193163,0.0095369879530841,0.0166477311007617,0.014290620409544067,0.010441102521188699,0.012097569355403367,0.012326023277591266,0.008497764453529833,0.0135234406986385,0.013201412119665967,0.007726739789780334,0.012114401352711168,0.010589846627916366,0.0091552546922442,0.010376250891037867,0.009225799998922334,0.005302538984245167,0.01760062006761137,0.013141967934075334,0.0134858856609452,0.0227515558483677,0.0205125373636035,0.0141772581624592,0.016240928307537,0.0158935116720913,0.0137843339216712,0.0138133072396103,0.0139352180201534,0.013425156590602,0.0234661267286736,0.0215720096635627,0.0141444961049492,0.016464198380696,0.0156949689790075,0.012943303233296,0.0134433040506483,0.0141811394478137,0.010609144931456399,0.02002967176800467,0.017579118133205167,0.011240142257678701,0.0132799865341326,0.011830406330307767,0.010163897064989033,0.014818276920458966,0.013513538209901768,0.014194489559711768,0.024374425496945334,0.021969578159850168,0.014476858128431967,0.0167073736455766,0.014473748812371267,0.012181580467573965,0.014268028207942367,0.014216827842845033,0.008465045859385999,0.013361872283235134,0.011648577419978101,0.009585441640367967,0.011047351735605332,0.009127232325729567,0.007067098616988166,0.012662195167055967,0.012186660260153333,0.008390609758959432,0.013749349659477368,0.011795929744420133,0.009521917019106168,0.010601297845626967,0.009316721659901767,0.0071265127961072676,0.0121519177890035,0.0119042806989864,0.0133237275743988,0.02558782743038737,0.023032883051809668,0.014044340660854466,0.0162032550972361,0.0160692991094563,0.014486872745655568,0.015630436789597534,0.015809824032328598,0.0236325009418651,0.03649436305903853,0.033183945614320566,0.023797974711363065,0.02592815442159323,0.024711218164056234,0.022092515701576467,0.02086855374873987,0.020158198768931167
Coverage,0.8826322145918386,0.8925583504639337,0.8990993615858734,0.9040016683577988,0.8926196292649702,0.8937391260166788,0.8746019452672168,0.8637816881777572,0.8913963819748846,0.8914012756236626,0.8609755653784731,0.8512346391039083,0.7513913892470638,0.7300001098555536,0.7526460053050917,0.7512283528975764,0.7433010426665239,0.7225979053292303,0.8572725749729825,0.8276081424936387,0.8623587876474517,0.7840707591498527,0.8045544396062226,0.832288847326871,0.7885709714938569,0.7069137936006394,0.7893427246217728,0.8863299497516378,0.8500596996274523,0.8410469096946153,0.7719285417087208,0.7636370221455064,0.7755712440916249,0.7793450001684544,0.8044521366218594,0.7680379386154631,0.8880451753500616,0.8981769275938974,0.8661193800301827,0.8610310133901254,0.8615361720008404,0.7433010426665239,0.6559955661010196,0.8251913203127038,0.8341055801588908,0.8190292819978331,0.8176084521964674,0.8044521366218594,0.7699801866321053,0.8621680130837964,0.8732471173216118,0.8433814059038861,0.8680386199232863,0.8730431979500954,0.8525669809908697,0.9039107203915252,0.8746089828886244,0.7517075672624957,0.8741309395808187,0.8842930932440208,0.7785222780196889,0.8780618802601929,0.9023835751837398,0.9161945834097974,0.8317036004109042,0.8225017956612141,0.789359775314966,0.8749978465027711,0.8814678730721051,0.7421856763889888,0.7420331451161704,0.7407232315495236,0.7928845749131592,0.7849091488608072,0.8657721021401995,0.7045465984708987,0.7955642593348623,0.7694711071748676,0.798242476018486,0.7972617552960676,0.8081380504424285,0.9088660578386606,0.7251533961187215,0.6953045725520041,0.7239788125739895,0.7362016161423982,0.4781572382885168,0.4801992167681379,0.43709503953154066,0.4308422649247421,0.9492517810333164,0.5905486322509724,0.5827222592169795,0.5644131574496871,0.539559286741079,0.6343801528411973,0.5731399564518856,0.49223308282597666,0.5461483172670387,0.8946065607559615,0.5422513159563673,0.5483395960172501,0.5663745402080163,0.5538234081684424,0.429820284753932,0.3759711123795028,0.4589041095890411,0.4681197678843227,0.8997494926433283,0.5982785546676814,0.5932406614662608,0.5947865138254693,0.5914926591831557,0.4210029807204464,0.4158659944190766,0.4445534468543886,0.4343191114916286,0.7489192245898867,0.6644013984018264,0.6898828587434466,0.7065912766362253,0.6780115053695247,0.5997874122695755,0.5678609367072552,0.6362338544309148,0.6476599494757315,0.8182943038643667,0.705737754735329,0.7418301042195163,0.735751072847962,0.7050678853796719,0.7165190840098089,0.6731255549213597,0.7286890379249112,0.7544664563250465,0.8814892768053442,0.7006463512599357,0.6760342677152038,0.5903226999830881,0.5997015315829528,0.7790402238711315,0.5485007874598343,0.5228013222983257,0.5268628181549129,0.8876555101048537,0.6475720869271098,0.7058863943852529,0.7188008677913073,0.7030549742093691,0.4522509988584475,0.5095116163537967,0.44064587561305596,0.4703447382885168,0.753932674826653,0.6385453661423982,0.6504371987569763,0.6902818736259091,0.6662015897175714,0.6276966535599526,0.6042406561812954,0.6519738024268561,0.6621995497209539,0.661083761415525,0.6957174604684594,0.708022841620159,0.8067909162015897,0.7698225837138509,0.38787087244207674,0.3749445078640284,0.4272299911212582,0.4235602433198038
Sharpness,460.20115152994794,465.1189880371094,389.4716084798177,424.95876057942706,500.00146484375,499.023193359375,481.5778503417969,560.4629313151041,418.88866170247394,418.89794921875,514.2828165690104,593.5897216796875,730.7880859375,819.8772379557291,670.8346557617188,654.7090250651041,895.2463175455729,988.9137369791666,476.3225911458333,498.24891153971356,427.8357645670573,1048.8658447265625,489.84314982096356,522.8220926920573,510.6695963541667,544.1216634114584,412.4974060058594,1381.8323974609375,579.3834025065104,599.8726603190104,1038.5105794270833,1255.5497233072917,986.8971964518229,982.2221476236979,1473.8111572265625,1685.1435139973958,483.90960693359375,552.8109130859375,692.0847371419271,653.1443684895834,653.9063720703125,895.2463175455729,789.4117228190104,513.8482462565104,593.1209716796875,551.932362874349,566.6290893554688,1473.8111572265625,1381.583740234375,615.5905558268229,632.1321818033854,536.263682047526,614.1862182617188,655.7330322265625,630.1008504231771,672.8792724609375,481.58739217122394,738.2433064778646,1463.8544921875,1824.7056884765625,1029.5821329752605,802.1486002604166,568.7572835286459,642.8884887695312,770.8131103515625,656.5167643229166,750.6333211263021,681.979248046875,714.3638305664062,918.5624389648438,903.7153727213541,971.3178100585938,630.7288208007812,555.946533203125,762.6154378255209,674.8248291015625,644.2152913411459,629.259765625,1432.2882893880208,1463.7813313802083,1503.9800211588542,301.1095275878906,419.06886800130206,389.5566711425781,313.5948893229167,354.444580078125,405.9127705891927,311.9922180175781,330.4289245605469,310.89870198567706,256.61387634277344,339.9522705078125,299.8977355957031,242.3570760091146,234.65243021647134,319.7524719238281,123.26336669921875,485.8731994628906,356.6279703776042,366.1683654785156,480.0571594238281,464.7839050292969,367.9740295410156,383.4312438964844,449.7041015625,317.67999267578125,429.1079406738281,426.8823547363281,383.7604370117188,572.5523681640625,544.84228515625,391.1299133300781,413.07122802734375,454.8769836425781,414.5406494140625,402.4699096679688,375.7436218261719,272.2494812011719,296.41246541341144,291.12949625651044,281.3135986328125,283.69663492838544,472.7808024088542,515.3995157877604,375.6176350911458,326.36180623372394,851.6912638346354,1070.4861653645833,1168.6878865559895,857.4513753255209,873.0493977864584,1651.6964925130208,1636.7976888020833,702.3816324869791,687.1734822591146,281.7439676920573,352.86144002278644,326.55077107747394,247.61922709147134,261.9625752766927,281.122797648112,188.12430826822916,311.6449788411458,293.05408732096356,289.0,317.62001546223956,342.4449869791667,235.80577596028647,279.00872802734375,292.95531209309894,199.7147979736328,345.79014078776044,340.62632242838544,545.5554606119791,538.1742757161459,532.5770263671875,474.35997517903644,471.55027262369794,743.1895751953125,536.9915568033854,627.4000854492188,637.6534627278646,584.8236490885416,665.5868733723959,663.96875,617.6759847005209,625.0526529947916,428.70249430338544,352.6697998046875,457.34862263997394,440.84958902994794
NSharpness,0.055579849218592735,0.056173790825737806,0.04056995921664763,0.04426653756035697,0.060386650343448,0.06026850161345107,0.05816156926852526,0.06768875183729553,0.04363425334883083,0.04363522079883653,0.06211144395088203,0.07168957145777054,0.08825942025925841,0.09901897841274247,0.06987863840886976,0.0681988845278121,0.10812152318335116,0.11943401211888753,0.0575268762037733,0.0601749822192128,0.04456624360978603,0.1092569032824313,0.05915979372557087,0.06314275737067727,0.06167506474934913,0.06571516898991407,0.0429684972762033,0.14394093330523,0.06997383262955183,0.07244838038268582,0.12542396822979943,0.15163642212860484,0.10280183312723783,0.10231484867615366,0.17799649557993472,0.20351972406372765,0.05844318924318761,0.0658108229864211,0.0835851033231702,0.07775525484416486,0.0789741902109999,0.10812152318335116,0.09397755327311273,0.06205895961981367,0.07060961485899776,0.06665849006982694,0.06745582044416604,0.17799649557993472,0.16447419742575886,0.0743466767177109,0.07634445739713173,0.05586082294311096,0.063977757101545,0.07919480131496243,0.07609912754922976,0.08126561261605515,0.05816272166324767,0.08915980910721473,0.17679399994409528,0.22037505715779537,0.1243456535681108,0.096877838846999,0.07181278832432393,0.0824216062839046,0.09732487567016897,0.08045548100956047,0.09623501707272873,0.0861084802975457,0.0915850835499089,0.11598009162917107,0.11074942630447127,0.12452789318462205,0.07963746755426977,0.06813069852159097,0.09777118549566331,0.08520514468351177,0.07894794764612047,0.0806743087253834,0.1808444586846091,0.17938495634680116,0.19281790314889577,0.05835453752212877,0.067158456670618,0.06081169677542044,0.05991704278723444,0.06563790894021583,0.06891052501857163,0.04882558064808964,0.058207131362011395,0.05830284596675043,0.04973137138425837,0.0544795305300981,0.04681547813461764,0.046305986296923264,0.04345415374379097,0.05428334159509463,0.019290233361020665,0.0855895876963823,0.06687845136584057,0.0709628346665172,0.0769322190272673,0.072555034973057,0.0703069993270739,0.0710058115888352,0.0763448405348152,0.0497156954786673,0.075590060115052,0.0800532649868138,0.0743721495646539,0.0917551656661989,0.0850525386670183,0.0747312808667415,0.0764946995242692,0.0772230243364234,0.0648740152510387,0.070897603569229,0.0704632163672702,0.05276150739367297,0.04750198651128577,0.04544673460938397,0.0537492143520126,0.0525364328775196,0.08026249892410546,0.0806580394343805,0.06616740667214856,0.061202642522296104,0.16505638400365993,0.17155222981848897,0.1824378804087742,0.1638290434333231,0.1616758728814162,0.28040328050086744,0.2561525350440318,0.12372893808496556,0.12886567049879294,0.0546015234590032,0.05654829442121323,0.05097616840779246,0.047311395465070766,0.048511605560355935,0.047725326681645565,0.029440729783519734,0.0548982212917439,0.05495644466790956,0.05600773073835283,0.050900631554610165,0.05345733304825893,0.04505425709645647,0.051668301655925064,0.049734095170280025,0.031254596787824766,0.06091310612498607,0.06387766781244954,0.10572776242489207,0.08624585727234628,0.0831378719353079,0.09063364199180769,0.0873241561442019,0.12616893954999353,0.08403711070309357,0.11052046741624828,0.11957917926367047,0.11333787359021456,0.1066645380008836,0.10364876097469504,0.11801633146463315,0.11575053316112065,0.07277946420935806,0.05519146554975684,0.08056483369803187,0.08267254099022386
PV<Export Rate,0.07569957389777117,0.07687605821795063,0.022122492169691334,0.012162787603032433,0.07357112254524327,0.08215959540199576,0.07218591267307396,0.0764713091623651,0.026106110492189968,0.026102346146976166,0.07440345001366326,0.0819642584956105,0.28699574584368376,0.27565796610681526,0.263103262200384,0.18311826688040614,0.28509507311573695,0.27879537206016236,0.2768914379954657,0.23229918061488897,0.30972016045897904,0.2547974227034059,0.29473249486081987,0.2200032544707777,0.3889319156474131,0.10912175291014221,0.41968948292765934,0.27604658678349686,0.5070110157656451,0.4388226437013632,0.31023774801607734,0.2997223400880767,0.2875485435842476,0.19823700656257123,0.3101886563155271,0.2900123106879841,0.08905474788837024,0.0740159460697717,0.2793408735438989,0.42928292610957275,0.0982860473834466,0.28509507311573695,0.2803760524711015,0.38464445936649044,0.29768092812329006,0.21087528785588047,0.30303938029032057,0.3101886563155271,0.31757848546366185,0.29881791991255496,0.29807690987313057,0.2626750679323148,0.11187031680164665,0.24629838278893038,0.5157460771268378,0.024899276189220665,0.07218059154469264,0.16453100604342863,0.0982041706660954,0.2744432039921508,0.1805685436861207,0.1287026471068853,0.08468834757006123,0.08689058040974162,0.482492489783978,0.461963315191764,0.3707436042692284,0.0985551807062862,0.1014952406028835,0.29701945849425443,0.2849983055444309,0.3020295590609399,0.39729169432432715,0.41156909738696873,0.49462556483764325,0.22437279182083172,0.21974253846954653,0.24270132688640475,0.3069839857500977,0.30297912821485573,0.3173809086871298,0.5410846598596313,0.5248129122272958,0.47448682986639606,0.3192105847285642,0.39011698270759343,0.056469193937087735,0.04643106291222723,0.05988526340267203,0.09306427574835108,0.0351152915186876,0.0774055840943683,0.06777439539996613,0.038037877346524536,0.04253141911889056,0.036301105614747135,0.024197213766277634,0.12235751733468624,0.0571542575680703,0.0341593734145104,0.1041944127346524,0.0855351820142059,0.0364464421613394,0.0452756373668188,0.054820284753932,0.0404953862252663,0.0323935343734145,0.0267353183663115,0.0562630802891933,0.1228496797311009,0.1071156773211567,0.0572758117706747,0.0691015823186199,0.0747261066717402,0.0588276097158802,0.0494078196347032,0.0449347571029934,0.2691599811855234,0.31851296930492135,0.30409360202097074,0.19071193767968878,0.20964862907999318,0.1522426750380517,0.12372434149331978,0.20621802595974967,0.210841049382716,0.3022273486385929,0.3432783168442415,0.34058496638762054,0.20130102634026717,0.2276254386521224,0.15782425904786063,0.14838200786402841,0.20920271013022151,0.2001674012768476,0.34189497716894973,0.23252129841028238,0.25108539975477756,0.2086517524945036,0.2256079031371554,0.31336607369355657,0.06376178547268727,0.2434188969220362,0.22958417892778615,0.4142554012345679,0.4142646499238965,0.31899588301200743,0.17239094474040248,0.32691870666328426,0.0402972000253678,0.0321365529342127,0.0475362812869947,0.07590795704380177,0.3019003414087604,0.40061358447488576,0.38691627557923214,0.30445033718078807,0.31435105910705224,0.18613912142736344,0.15940049995772024,0.19635363817013354,0.1892301655251141,0.1437074560290884,0.25499561347877553,0.24249667047184165,0.1523979208946389,0.16904952541011328,0.15520423748520207,0.1473857918992051,0.13109752875021138,0.11420017334686279
PV<Export Count,147004.33333333334,149289.0,39179.0,21540.333333333332,142871.0,159549.33333333334,140181.0,148503.0,46234.0,46227.333333333336,144487.33333333334,159170.0,557329.6666666666,535312.3333333334,465956.6666666667,324303.0,553638.6666666666,541405.0,537707.6666666666,451112.0,548515.3333333334,451247.0,572354.0,427234.0,755284.0,211908.33333333334,743271.3333333334,488879.3333333333,984587.0,852169.0,602464.3333333334,582044.0,509249.3333333333,351078.3333333333,602369.0,563187.6666666666,172939.33333333334,209533.0,542464.3333333334,1215264.3333333333,190866.0,553638.6666666666,793721.3333333334,746958.0,842710.0,409508.0,857879.3333333334,602369.0,899038.3333333334,580287.6666666666,578848.6666666666,465198.3333333333,198122.66666666666,478297.6666666667,1001550.0,48353.0,140170.66666666666,319510.0,190707.0,532953.3333333334,350654.0,249933.33333333334,83567.66666666667,43560.333333333336,476107.6666666667,2734956.3333333335,185862.66666666666,97251.0,50882.0,293089.0,1687272.3333333333,151414.66666666666,392034.3333333333,2436608.0,247967.66666666666,221403.66666666666,1300939.3333333333,121672.0,302921.6666666667,1793724.0,159110.66666666666,273018.3333333333,264808.0,239414.66666666666,161066.0,196843.66666666666,28493.0,23428.0,30216.666666666668,46958.0,17718.333333333332,39057.0,34197.333333333336,19193.0,21460.333333333332,18316.666666666668,12209.333333333334,61738.666666666664,28838.666666666668,17236.0,52574.0,43159.0,18390.0,22845.0,27661.0,20433.0,16345.0,13490.0,28389.0,61987.0,54048.0,28900.0,34867.0,37705.0,29683.0,24930.0,22673.0,135811.66666666666,160714.0,153438.33333333334,96228.66666666667,105783.66666666667,76818.0,62428.333333333336,104052.66666666667,106385.33333333333,152496.66666666666,173210.0,171851.0,101571.66666666667,114854.33333333333,79634.33333333333,74870.0,105558.66666666667,100999.66666666667,172512.0,117324.66666666667,126691.66666666667,105280.66666666667,113836.33333333333,158117.0,32172.666666666668,122823.33333333333,115842.66666666667,209023.33333333334,209028.0,160957.66666666666,86984.33333333333,164955.33333333334,20333.0,16215.333333333334,23985.666666666668,38301.333333333336,152331.66666666666,202140.0,195228.66666666666,153618.33333333334,158614.0,93921.33333333333,80429.66666666667,99075.33333333333,95481.0,72511.33333333333,128664.66666666667,122358.0,76896.33333333333,85298.33333333333,78312.33333333333,74367.33333333333,66148.66666666667,57622.666666666664
PV<Export Mag (W),350.3064778645833,375.65346272786456,206.94155883789062,215.90910847981772,362.25721232096356,364.4233093261719,490.89171346028644,571.6859537760416,366.4089762369792,366.52305094401044,500.2440694173177,603.5847574869791,174.55492146809897,176.3458251953125,79.40689595540364,32.65737088521322,221.65435282389322,222.3945058186849,260.18235143025714,251.0968500773112,83.51099840799968,3.1606280406316123,161.26860046386722,205.77285766601562,152.3658701578776,395.1609802246094,21.688067118326824,4.2850959698359175,82.93927764892578,103.41556040445964,282.97325642903644,345.6650085449219,168.70963033040366,28.61687469482422,332.22679646809894,314.9193623860677,360.668212890625,374.2762756347656,216.93221282958984,109.13327280680339,630.192138671875,221.65435282389322,339.21246337890625,99.8306172688802,221.60539754231772,183.25983683268228,161.2152887980143,332.22679646809894,420.88038126627606,161.94066874186197,151.022824605306,104.45337804158528,3.428774436314901,201.92936197916666,97.31039428710938,426.043701171875,490.9202372233073,69.73380533854167,64.2347370783488,2.73397688070933,56.15980021158854,14.276753664016724,389.2668863932292,445.1992492675781,132.3124796549479,120.31397501627605,275.1560312906901,619.7703857421875,625.3985595703125,220.41601053873697,229.40648905436197,253.72280375162757,133.2782719930013,97.62488555908203,146.48933919270834,268.777592976888,180.60604095458984,256.6437123616536,336.51930745442706,343.1229756673177,308.4346618652344,37.154275258382164,163.1587677001953,126.00115712483723,170.1599267323812,101.91405741373698,477.2897542317708,375.9010721842448,1066.6794840494792,661.2117818196615,365.09778849283856,440.0313313802083,371.1059977213542,422.07696533203125,509.69875081380206,413.1548665364583,479.67828369140625,700.807373046875,727.3368733723959,603.4302368164062,994.3310546875,1051.4940185546875,656.455810546875,773.8377075195312,1027.5189208984375,1224.7425537109375,1425.6636962890625,1529.1258544921875,658.0050048828125,947.6654052734376,977.3432006835938,692.6602172851562,771.7495727539062,950.4957885742188,1027.1766357421875,1265.9688720703125,1265.787353515625,59.159034729003906,332.94175211588544,283.22022501627606,103.08802795410156,153.68908182779947,193.85833740234375,137.07589721679688,196.8716583251953,166.48977661132812,101.13813781738281,388.19626871744794,334.1689860026042,165.43155415852866,215.7944590250651,200.640380859375,121.48924509684245,271.28221638997394,244.0155283610026,61.55387751261393,219.69477081298828,172.37124888102213,99.43366368611653,127.79161834716797,96.12776565551758,249.77533467610678,282.9909261067708,222.45789082845053,117.22389475504558,123.00269444783528,172.62577311197916,179.19101587931314,78.60535430908203,493.31055704752606,512.1499837239584,1195.9590250651042,716.0835876464844,151.3387908935547,454.23402913411456,408.7713317871094,169.51017252604166,218.1211395263672,447.7479248046875,542.2574666341146,328.9295247395833,303.47142537434894,997.4033406575521,1220.9806722005208,1160.0662434895833,955.8897298177084,985.2584228515625,1200.7032470703125,1174.4285888671875,1040.519287109375,965.9906412760416
PV<Export NMag,0.0423075456358192,0.045368775691771,0.0215564123789469,0.0224905321333143,0.04375087105325643,0.04401247697175986,0.059286431831326064,0.06904418917271439,0.03816761722179513,0.0381795000086127,0.0604159432871223,0.0728967012438157,0.021081509768198902,0.021297802463366766,0.0082715550277255,0.00340181085141,0.02676984621756823,0.0268592366653335,0.03142298559707093,0.030325702954392065,0.008699065873825533,0.0003292322215306957,0.019476881816844736,0.0248517914730299,0.018401672969504033,0.04772475043700573,0.0022591745774194665,0.00044636434515066666,0.010016819790685333,0.012489800508138735,0.03417551003073847,0.0417469767845881,0.017573926976932833,0.0029809256603192335,0.040124004502959,0.038033734932819835,0.043558962909495735,0.0445566994803292,0.0261995395222345,0.0129920517552561,0.0761101526987384,0.02676984621756823,0.0403824220322653,0.0120568364123944,0.026381585744347066,0.022132827924950766,0.01919228959173847,0.040124004502959,0.050104789818440375,0.019558049473696135,0.018239469419483536,0.0108805646399782,0.00035716414911323336,0.024387601227433497,0.011752461692040533,0.05145455328162737,0.05928987672983533,0.008421956173185367,0.007757817572748166,0.0003301904055866333,0.006782583766663166,0.0017242454082346335,0.04914985939308444,0.05707683040219536,0.016706119108633597,0.014744358801088433,0.035276405434802635,0.0782538269346508,0.0801792824320707,0.027830300929382365,0.028113538643020564,0.0325285564383706,0.016828062570624535,0.011963833298696833,0.018780679809191365,0.03393656058531757,0.022133091929830335,0.032903031807425535,0.04248980630814083,0.04204938175678833,0.0395428954657713,0.007200438216090333,0.0261472322754143,0.0196693953101968,0.03251162553289637,0.01887298042130123,0.08102796938947072,0.058827070214299865,0.18790229375895254,0.1239970717813043,0.07075538536682913,0.07051784156734103,0.05793143015047974,0.08064419036057757,0.09438865755811147,0.0701399636316713,0.07506776975514627,0.12345157991832817,0.13639750034444595,0.1169438000795633,0.1593478880236766,0.1641433458961681,0.1254258032501407,0.1433033310016388,0.1744386317357042,0.1916674932128965,0.2511396184771426,0.2867570323993855,0.1275203015154503,0.1518694203218696,0.1525680414897497,0.1323432022941994,0.1429166392385124,0.1613626585916896,0.1607491878705703,0.223008371724164,0.2373731528222401,0.011464924871428734,0.05335603749320947,0.04421205878425954,0.019696525651657467,0.028460951373258297,0.03291071574375983,0.021451850039704734,0.034680179687150536,0.031221834439360666,0.0196004068866934,0.06221092589553873,0.05216540892224236,0.03160819849544307,0.03996195131032427,0.03406208177406336,0.019012599006611133,0.047788067060380496,0.045760241752897966,0.0119290415142838,0.0352074870576155,0.026907992844811896,0.018998304131919833,0.02366512306816873,0.0163193062158865,0.039088878000299095,0.04985062985046207,0.04171753712775827,0.022717800462081633,0.019711965636680366,0.0269477253189332,0.034237151596157096,0.014556552359231133,0.08374777032515013,0.08014950018023544,0.21067569725661817,0.13428718371360202,0.029329211939910334,0.07279389783692757,0.0638111990386744,0.032387480172407605,0.040392818225664796,0.07601274660435246,0.08486120531275894,0.057943002661840666,0.056910008487992936,0.19329514789301672,0.19566993358567975,0.1810919998663555,0.18263717870219828,0.18245532948326437,0.20383958609387487,0.18379355147225582,0.18329401068635573,0.18115226343477686
